Entity,Code,Year,"Incidence of malaria (per 1,000 population at risk)"
Afghanistan,AFG,2000,81.96955871582031
Afghanistan,AFG,2001,78.83206939697266
Afghanistan,AFG,2002,79.38578796386719
Afghanistan,AFG,2003,68.09156036376953
Afghanistan,AFG,2004,37.6164665222168
Afghanistan,AFG,2005,27.079071044921875
Afghanistan,AFG,2006,20.52607536315918
Afghanistan,AFG,2007,21.667768478393555
Afghanistan,AFG,2008,18.855178833007812
Afghanistan,AFG,2009,12.563668251037598
Afghanistan,AFG,2010,12.980473518371582
Afghanistan,AFG,2011,15.6072416305542
Afghanistan,AFG,2012,9.186410903930664
Afghanistan,AFG,2013,11.242144584655762
Afghanistan,AFG,2014,12.407090187072754
Afghanistan,AFG,2015,13.881858825683594
Afghanistan,AFG,2016,26.883331298828125
Afghanistan,AFG,2017,28.554147720336914
Afghanistan,AFG,2018,22.109771728515625
Afghanistan,AFG,2019,14.1008939743042
Afghanistan,AFG,2020,8.436813354492188
Algeria,DZA,2000,0.018646270036697388
Algeria,DZA,2001,0.003247700398787856
Algeria,DZA,2002,0.005344252567738295
Algeria,DZA,2003,0.002638249658048153
Algeria,DZA,2004,0.0010414838325232267
Algeria,DZA,2005,0.0005135542596690357
Algeria,DZA,2006,0.000506054435390979
Algeria,DZA,2007,0.012954872101545334
Algeria,DZA,2008,0.0014705341309309006
Algeria,DZA,2009,0
Algeria,DZA,2010,0.0004731902154162526
Algeria,DZA,2011,0.0004643620632123202
Algeria,DZA,2012,0.0250463355332613
Algeria,DZA,2013,0.0035708690993487835
Algeria,DZA,2014,0
Algeria,DZA,2015,0
Algeria,DZA,2016,0
Algeria,DZA,2017,0
Algeria,DZA,2018,0
Algeria,DZA,2019,0
Algeria,DZA,2020,0
Angola,AGO,2000,325.70361328125
Angola,AGO,2001,326.65069580078125
Angola,AGO,2002,309.1209411621094
Angola,AGO,2003,313.7309875488281
Angola,AGO,2004,313.7325744628906
Angola,AGO,2005,316.0221252441406
Angola,AGO,2006,301.3629455566406
Angola,AGO,2007,274.33270263671875
Angola,AGO,2008,233.45399475097656
Angola,AGO,2009,196.81268310546875
Angola,AGO,2010,172.71905517578125
Angola,AGO,2011,157.17276000976562
Angola,AGO,2012,154.21632385253906
Angola,AGO,2013,160.69834899902344
Angola,AGO,2014,166.7796630859375
Angola,AGO,2015,176.6835479736328
Angola,AGO,2016,189.45217895507812
Angola,AGO,2017,208.94876098632812
Angola,AGO,2018,214.24720764160156
Angola,AGO,2019,227.2537384033203
Angola,AGO,2020,251.5823211669922
Argentina,ARG,2000,2.386725425720215
Argentina,ARG,2001,1.1535695791244507
Argentina,ARG,2002,0.6634537577629089
Argentina,ARG,2003,0.6511271595954895
Argentina,ARG,2004,0.6027258038520813
Argentina,ARG,2005,1.187880516052246
Argentina,ARG,2006,0.87554532289505
Argentina,ARG,2007,1.6530507802963257
Argentina,ARG,2008,0.523952066898346
Argentina,ARG,2009,0.4545162618160248
Argentina,ARG,2010,0.26408708095550537
Argentina,ARG,2011,0
Argentina,ARG,2012,0
Argentina,ARG,2013,0
Argentina,ARG,2014,0
Argentina,ARG,2015,0
Argentina,ARG,2016,0
Argentina,ARG,2017,0
Argentina,ARG,2018,0
Argentina,ARG,2019,0
Argentina,ARG,2020,0
Armenia,ARM,2000,0.045934367924928665
Armenia,ARM,2001,0.02589581534266472
Armenia,ARM,2002,0.01713922619819641
Armenia,ARM,2003,0.009609210304915905
Armenia,ARM,2004,0.01566293276846409
Armenia,ARM,2005,0.002347999019548297
Armenia,ARM,2007,0
Armenia,ARM,2008,0
Armenia,ARM,2010,0
Armenia,ARM,2012,0
Armenia,ARM,2014,0
Armenia,ARM,2015,0
Armenia,ARM,2016,0
Armenia,ARM,2017,0
Armenia,ARM,2018,0
Armenia,ARM,2019,0
Azerbaijan,AZE,2000,8.168159484863281
Azerbaijan,AZE,2001,5.590414524078369
Azerbaijan,AZE,2002,2.6527011394500732
Azerbaijan,AZE,2003,2.495944023132324
Azerbaijan,AZE,2004,1.9863630533218384
Azerbaijan,AZE,2005,1.2322545051574707
Azerbaijan,AZE,2006,0.7103524804115295
Azerbaijan,AZE,2007,0.5382319092750549
Azerbaijan,AZE,2008,0.354851096868515
Azerbaijan,AZE,2009,0.3800058364868164
Azerbaijan,AZE,2010,0.24067851901054382
Azerbaijan,AZE,2011,0.019014660269021988
Azerbaijan,AZE,2012,0.014078756794333458
Azerbaijan,AZE,2013,0
Azerbaijan,AZE,2014,0
Azerbaijan,AZE,2015,0
Azerbaijan,AZE,2016,0
Azerbaijan,AZE,2017,0
Azerbaijan,AZE,2018,0
Azerbaijan,AZE,2019,0
Bangladesh,BGD,2000,6.879263877868652
Bangladesh,BGD,2001,6.879252910614014
Bangladesh,BGD,2002,6.879218578338623
Bangladesh,BGD,2003,6.879263401031494
Bangladesh,BGD,2004,6.879223346710205
Bangladesh,BGD,2005,6.879240989685059
Bangladesh,BGD,2006,4.523055076599121
Bangladesh,BGD,2007,8.27475643157959
Bangladesh,BGD,2008,7.800657749176025
Bangladesh,BGD,2009,5.13679838180542
Bangladesh,BGD,2010,4.367504596710205
Bangladesh,BGD,2011,3.951819658279419
Bangladesh,BGD,2012,2.178579568862915
Bangladesh,BGD,2013,1.923363208770752
Bangladesh,BGD,2014,3.9887442588806152
Bangladesh,BGD,2015,2.706663131713867
Bangladesh,BGD,2016,1.861451506614685
Bangladesh,BGD,2017,1.941124677658081
Bangladesh,BGD,2018,0.7144076228141785
Bangladesh,BGD,2019,1.209307074546814
Bangladesh,BGD,2020,0.4260532855987549
Belize,BLZ,2000,8.70823860168457
Belize,BLZ,2001,6.602422714233398
Belize,BLZ,2002,6.263566970825195
Belize,BLZ,2003,7.121917247772217
Belize,BLZ,2004,5.587119102478027
Belize,BLZ,2005,7.91032600402832
Belize,BLZ,2006,4.198524475097656
Belize,BLZ,2007,4.095361232757568
Belize,BLZ,2008,2.5506951808929443
Belize,BLZ,2009,1.1791203022003174
Belize,BLZ,2010,0.6741573214530945
Belize,BLZ,2011,0.3159807324409485
Belize,BLZ,2012,0.14149729907512665
Belize,BLZ,2013,0.08384443819522858
Belize,BLZ,2014,0.07792569696903229
Belize,BLZ,2015,0.03613906353712082
Belize,BLZ,2016,0.01573595032095909
Belize,BLZ,2017,0.02699742279946804
Belize,BLZ,2018,0.011349964886903763
Belize,BLZ,2019,0
Belize,BLZ,2020,0
Benin,BEN,2000,423.3426818847656
Benin,BEN,2001,432.8017272949219
Benin,BEN,2002,448.6623229980469
Benin,BEN,2003,460.2369689941406
Benin,BEN,2004,479.13348388671875
Benin,BEN,2005,486.09503173828125
Benin,BEN,2006,485.5864562988281
Benin,BEN,2007,482.0040588378906
Benin,BEN,2008,467.39434814453125
Benin,BEN,2009,442.7174987792969
Benin,BEN,2010,416.37811279296875
Benin,BEN,2011,387.1200866699219
Benin,BEN,2012,365.4419860839844
Benin,BEN,2013,359.5166320800781
Benin,BEN,2014,364.24591064453125
Benin,BEN,2015,386.1354675292969
Benin,BEN,2016,418.4942932128906
Benin,BEN,2017,422.1782531738281
Benin,BEN,2018,409.7846374511719
Benin,BEN,2019,401.2998352050781
Benin,BEN,2020,388.30694580078125
Bhutan,BTN,2000,13.570366859436035
Bhutan,BTN,2001,13.391687393188477
Bhutan,BTN,2002,14.28295612335205
Bhutan,BTN,2003,8.191975593566895
Bhutan,BTN,2004,5.648187637329102
Bhutan,BTN,2005,3.8015289306640625
Bhutan,BTN,2006,3.8398447036743164
Bhutan,BTN,2007,1.6117689609527588
Bhutan,BTN,2008,0.6619824767112732
Bhutan,BTN,2009,2.1057329177856445
Bhutan,BTN,2010,0.8595011234283447
Bhutan,BTN,2011,0.3781388998031616
Bhutan,BTN,2012,0.15794441103935242
Bhutan,BTN,2013,0.02854027971625328
Bhutan,BTN,2014,0.03570764139294624
Bhutan,BTN,2015,0.06312263756990433
Bhutan,BTN,2016,0.027514757588505745
Bhutan,BTN,2017,0.019937794655561447
Bhutan,BTN,2018,0.010747815482318401
Bhutan,BTN,2019,0.003541772486642003
Bhutan,BTN,2020,0.03852943703532219
Bolivia,BOL,2000,11.952241897583008
Bolivia,BOL,2001,5.736526966094971
Bolivia,BOL,2002,4.983919620513916
Bolivia,BOL,2003,6.823250770568848
Bolivia,BOL,2004,4.911100387573242
Bolivia,BOL,2005,6.5170207023620605
Bolivia,BOL,2006,6.039273738861084
Bolivia,BOL,2007,4.565793991088867
Bolivia,BOL,2008,2.995238780975342
Bolivia,BOL,2009,2.9756276607513428
Bolivia,BOL,2010,4.093010425567627
Bolivia,BOL,2011,2.089219570159912
Bolivia,BOL,2012,2.1342215538024902
Bolivia,BOL,2013,2.280273675918579
Bolivia,BOL,2014,2.263432264328003
Bolivia,BOL,2015,1.888965368270874
Bolivia,BOL,2016,1.5005576610565186
Bolivia,BOL,2017,1.2200019359588623
Bolivia,BOL,2018,1.4054731130599976
Bolivia,BOL,2019,2.4226768016815186
Bolivia,BOL,2020,3.1168665885925293
Botswana,BWA,2000,17.57326316833496
Botswana,BWA,2001,6.933417320251465
Botswana,BWA,2002,3.2411913871765137
Botswana,BWA,2003,1.6193233728408813
Botswana,BWA,2004,1.039715051651001
Botswana,BWA,2005,1.2290903329849243
Botswana,BWA,2006,3.9443891048431396
Botswana,BWA,2007,1.0390938520431519
Botswana,BWA,2008,1.934602975845337
Botswana,BWA,2009,2.0994064807891846
Botswana,BWA,2010,1.6919548511505127
Botswana,BWA,2011,0.5104129314422607
Botswana,BWA,2012,0.22482196986675262
Botswana,BWA,2013,0.5294603705406189
Botswana,BWA,2014,1.4970622062683105
Botswana,BWA,2015,0.32290369272232056
Botswana,BWA,2016,0.918304443359375
Botswana,BWA,2017,1.9973719120025635
Botswana,BWA,2018,0.5373390316963196
Botswana,BWA,2019,0.1682698130607605
Botswana,BWA,2020,1.1282294988632202
Brazil,BRA,2000,21.440465927124023
Brazil,BRA,2001,12.985921859741211
Brazil,BRA,2002,11.17265796661377
Brazil,BRA,2003,12.616781234741211
Brazil,BRA,2004,13.833816528320312
Brazil,BRA,2005,17.42217445373535
Brazil,BRA,2006,15.293560981750488
Brazil,BRA,2007,13.848828315734863
Brazil,BRA,2008,8.611477851867676
Brazil,BRA,2009,8.355353355407715
Brazil,BRA,2010,9.816871643066406
Brazil,BRA,2011,7.083696365356445
Brazil,BRA,2012,6.379754066467285
Brazil,BRA,2013,4.843852519989014
Brazil,BRA,2014,3.561596393585205
Brazil,BRA,2015,3.9652581214904785
Brazil,BRA,2016,3.154564619064331
Brazil,BRA,2017,5.236088752746582
Brazil,BRA,2018,5.145844459533691
Brazil,BRA,2019,4.169917106628418
Brazil,BRA,2020,3.8725078105926514
Burkina Faso,BFA,2000,603.2109985351562
Burkina Faso,BFA,2001,601.937744140625
Burkina Faso,BFA,2002,595.85205078125
Burkina Faso,BFA,2003,585.123291015625
Burkina Faso,BFA,2004,562.4113159179688
Burkina Faso,BFA,2005,533.8450927734375
Burkina Faso,BFA,2006,518.07373046875
Burkina Faso,BFA,2007,526.3095703125
Burkina Faso,BFA,2008,555.7434692382812
Burkina Faso,BFA,2009,571.9708862304688
Burkina Faso,BFA,2010,571.2891845703125
Burkina Faso,BFA,2011,557.0880126953125
Burkina Faso,BFA,2012,534.1525268554688
Burkina Faso,BFA,2013,487.1990661621094
Burkina Faso,BFA,2014,448.0787048339844
Burkina Faso,BFA,2015,423.616943359375
Burkina Faso,BFA,2016,382.6315002441406
Burkina Faso,BFA,2017,369.67022705078125
Burkina Faso,BFA,2018,369.2079772949219
Burkina Faso,BFA,2019,366.08148193359375
Burkina Faso,BFA,2020,389.92401123046875
Burundi,BDI,2000,477.770751953125
Burundi,BDI,2001,468.9377746582031
Burundi,BDI,2002,430.5758056640625
Burundi,BDI,2003,383.65032958984375
Burundi,BDI,2004,331.5455017089844
Burundi,BDI,2005,292.6359558105469
Burundi,BDI,2006,261.9788818359375
Burundi,BDI,2007,223.5228271484375
Burundi,BDI,2008,197.28248596191406
Burundi,BDI,2009,174.82785034179688
Burundi,BDI,2010,169.31520080566406
Burundi,BDI,2011,164.90444946289062
Burundi,BDI,2012,164.60862731933594
Burundi,BDI,2013,170.3041534423828
Burundi,BDI,2014,176.21697998046875
Burundi,BDI,2015,194.2728729248047
Burundi,BDI,2016,228.8994598388672
Burundi,BDI,2017,250.05731201171875
Burundi,BDI,2018,288.443115234375
Burundi,BDI,2019,297.13568115234375
Burundi,BDI,2020,294.8686828613281
Cambodia,KHM,2000,77.83899688720703
Cambodia,KHM,2001,44.3043212890625
Cambodia,KHM,2002,39.05086135864258
Cambodia,KHM,2003,51.134132385253906
Cambodia,KHM,2004,43.62262725830078
Cambodia,KHM,2005,41.40992736816406
Cambodia,KHM,2006,45.95124435424805
Cambodia,KHM,2007,19.760034561157227
Cambodia,KHM,2008,21.885501861572266
Cambodia,KHM,2009,42.76845169067383
Cambodia,KHM,2010,34.90538024902344
Cambodia,KHM,2011,35.789306640625
Cambodia,KHM,2012,24.875751495361328
Cambodia,KHM,2013,15.885425567626953
Cambodia,KHM,2014,22.259721755981445
Cambodia,KHM,2015,19.936677932739258
Cambodia,KHM,2016,11.133601188659668
Cambodia,KHM,2017,17.903324127197266
Cambodia,KHM,2018,23.692943572998047
Cambodia,KHM,2019,12.014374732971191
Cambodia,KHM,2020,5.847343444824219
Cameroon,CMR,2000,403.73150634765625
Cameroon,CMR,2001,407.1032409667969
Cameroon,CMR,2002,401.9880676269531
Cameroon,CMR,2003,416.4661865234375
Cameroon,CMR,2004,433.2755432128906
Cameroon,CMR,2005,431.8448486328125
Cameroon,CMR,2006,419.1290283203125
Cameroon,CMR,2007,399.7880859375
Cameroon,CMR,2008,363.4477844238281
Cameroon,CMR,2009,315.464111328125
Cameroon,CMR,2010,290.8703308105469
Cameroon,CMR,2011,268.44287109375
Cameroon,CMR,2012,258.0285949707031
Cameroon,CMR,2013,262.1033935546875
Cameroon,CMR,2014,261.89959716796875
Cameroon,CMR,2015,261.29852294921875
Cameroon,CMR,2016,257.61199951171875
Cameroon,CMR,2017,250.56884765625
Cameroon,CMR,2018,247.3347625732422
Cameroon,CMR,2019,244.10308837890625
Cameroon,CMR,2020,259.9581604003906
Cape Verde,CPV,2000,1.2934983968734741
Cape Verde,CPV,2001,0.9445454478263855
Cape Verde,CPV,2002,0.6599055528640747
Cape Verde,CPV,2003,0.5812959671020508
Cape Verde,CPV,2004,0.3790431320667267
Cape Verde,CPV,2005,0.5648403763771057
Cape Verde,CPV,2006,0.6558237075805664
Cape Verde,CPV,2007,0.1457289308309555
Cape Verde,CPV,2008,0.27995744347572327
Cape Verde,CPV,2009,0.513700008392334
Cape Verde,CPV,2010,0.3669380843639374
Cape Verde,CPV,2011,0.053969454020261765
Cape Verde,CPV,2012,0.007612551562488079
Cape Verde,CPV,2013,0.16534888744354248
Cape Verde,CPV,2014,0.19294847548007965
Cape Verde,CPV,2015,0.05130761116743088
Cape Verde,CPV,2016,0.3475842773914337
Cape Verde,CPV,2017,3.026855230331421
Cape Verde,CPV,2018,0.014146472327411175
Cape Verde,CPV,2019,0
Cape Verde,CPV,2020,0
Central African Republic,CAF,2000,441.9642639160156
Central African Republic,CAF,2001,433.93634033203125
Central African Republic,CAF,2002,434.4250183105469
Central African Republic,CAF,2003,438.87396240234375
Central African Republic,CAF,2004,446.4712829589844
Central African Republic,CAF,2005,444.80584716796875
Central African Republic,CAF,2006,440.10467529296875
Central African Republic,CAF,2007,432.3049621582031
Central African Republic,CAF,2008,422.80609130859375
Central African Republic,CAF,2009,409.57684326171875
Central African Republic,CAF,2010,395.6017761230469
Central African Republic,CAF,2011,385.81201171875
Central African Republic,CAF,2012,377.72491455078125
Central African Republic,CAF,2013,371.1902770996094
Central African Republic,CAF,2014,362.65478515625
Central African Republic,CAF,2015,346.44287109375
Central African Republic,CAF,2016,334.12030029296875
Central African Republic,CAF,2017,328.69940185546875
Central African Republic,CAF,2018,324.6672058105469
Central African Republic,CAF,2019,322.87274169921875
Central African Republic,CAF,2020,335.9944763183594
Chad,TCD,2000,267.0518493652344
Chad,TCD,2001,268.3824462890625
Chad,TCD,2002,233.8404998779297
Chad,TCD,2003,228.38148498535156
Chad,TCD,2004,221.90968322753906
Chad,TCD,2005,223.1304931640625
Chad,TCD,2006,225.9495086669922
Chad,TCD,2007,226.1539764404297
Chad,TCD,2008,227.21914672851562
Chad,TCD,2009,233.78408813476562
Chad,TCD,2010,233.51837158203125
Chad,TCD,2011,217.64247131347656
Chad,TCD,2012,202.39031982421875
Chad,TCD,2013,190.39308166503906
Chad,TCD,2014,188.70973205566406
Chad,TCD,2015,189.65725708007812
Chad,TCD,2016,192.73191833496094
Chad,TCD,2017,196.3210906982422
Chad,TCD,2018,206.10520935058594
Chad,TCD,2019,203.26119995117188
Chad,TCD,2020,206.27835083007812
China,CHN,2000,0.014787830412387848
China,CHN,2001,0.038874778896570206
China,CHN,2002,0.046420980244874954
China,CHN,2003,0.05151231214404106
China,CHN,2004,0.04888395592570305
China,CHN,2005,0.03920010104775429
China,CHN,2006,0.06286951899528503
China,CHN,2007,0.05177447199821472
China,CHN,2008,0.0292524304240942
China,CHN,2009,0.01622510887682438
China,CHN,2010,0.008669177070260048
China,CHN,2011,0.002259693806990981
China,CHN,2012,0.00041918217903003097
China,CHN,2013,0.0001418028841726482
China,CHN,2014,0.00009005788888316602
China,CHN,2015,0.00006591968121938407
China,CHN,2016,0.0000016816067045510863
China,CHN,2017,0
China,CHN,2018,0
China,CHN,2019,0
China,CHN,2020,0
Colombia,COL,2000,24.01729393005371
Colombia,COL,2001,37.36692810058594
Colombia,COL,2002,32.204586029052734
Colombia,COL,2003,27.680837631225586
Colombia,COL,2004,21.19805335998535
Colombia,COL,2005,17.676645278930664
Colombia,COL,2006,17.295454025268555
Colombia,COL,2007,17.886001586914062
Colombia,COL,2008,11.223758697509766
Colombia,COL,2009,11.159039497375488
Colombia,COL,2010,16.436918258666992
Colombia,COL,2011,8.915572166442871
Colombia,COL,2012,8.25197982788086
Colombia,COL,2013,7.028225898742676
Colombia,COL,2014,5.484036922454834
Colombia,COL,2015,8.064274787902832
Colombia,COL,2016,10.834023475646973
Colombia,COL,2017,7.477085113525391
Colombia,COL,2018,8.534024238586426
Colombia,COL,2019,10.746053695678711
Colombia,COL,2020,9.40926456451416
Comoros,COM,2000,65.10275268554688
Comoros,COM,2001,63.56416320800781
Comoros,COM,2002,62.068904876708984
Comoros,COM,2003,60.60736083984375
Comoros,COM,2004,59.17653274536133
Comoros,COM,2005,57.773963928222656
Comoros,COM,2006,56.40242385864258
Comoros,COM,2007,55.06028366088867
Comoros,COM,2008,53.74855422973633
Comoros,COM,2009,52.4648323059082
Comoros,COM,2010,52.97696304321289
Comoros,COM,2011,35.17799758911133
Comoros,COM,2012,68.85261535644531
Comoros,COM,2013,71.6860580444336
Comoros,COM,2014,2.901012659072876
Comoros,COM,2015,1.6721655130386353
Comoros,COM,2016,1.4366569519042969
Comoros,COM,2017,3.968595266342163
Comoros,COM,2018,18.245342254638672
Comoros,COM,2019,20.683025360107422
Comoros,COM,2020,5.227720737457275
Congo,COG,2000,355.3609619140625
Congo,COG,2001,351.2755126953125
Congo,COG,2002,319.8932800292969
Congo,COG,2003,314.4563293457031
Congo,COG,2004,308.7283630371094
Congo,COG,2005,287.134033203125
Congo,COG,2006,263.6548156738281
Congo,COG,2007,241.40667724609375
Congo,COG,2008,219.01803588867188
Congo,COG,2009,206.18565368652344
Congo,COG,2010,201.13330078125
Congo,COG,2011,198.48199462890625
Congo,COG,2012,195.69168090820312
Congo,COG,2013,193.94918823242188
Congo,COG,2014,186.5
Congo,COG,2015,184.01419067382812
Congo,COG,2016,190.0240478515625
Congo,COG,2017,205.83868408203125
Congo,COG,2018,217.63233947753906
Congo,COG,2019,215.91712951660156
Congo,COG,2020,213.1771240234375
Costa Rica,CRI,2000,1.3548895120620728
Costa Rica,CRI,2001,0.9653487205505371
Costa Rica,CRI,2002,0.7113386392593384
Costa Rica,CRI,2003,0.4926520884037018
Costa Rica,CRI,2004,0.8716503381729126
Costa Rica,CRI,2005,2.360783100128174
Costa Rica,CRI,2006,1.908742070198059
Costa Rica,CRI,2007,0.7933218479156494
Costa Rica,CRI,2008,0.6184011101722717
Costa Rica,CRI,2009,0.16558614373207092
Costa Rica,CRI,2010,0.06866078078746796
Costa Rica,CRI,2011,0.006166825070977211
Costa Rica,CRI,2012,0.0036567505449056625
Costa Rica,CRI,2013,0
Costa Rica,CRI,2014,0
Costa Rica,CRI,2015,0
Costa Rica,CRI,2016,0.0023326785303652287
Costa Rica,CRI,2017,0.006926470901817083
Costa Rica,CRI,2018,0.04000445827841759
Costa Rica,CRI,2019,0.053774215281009674
Costa Rica,CRI,2020,0.05047845095396042
Cote d'Ivoire,CIV,2000,510.66961669921875
Cote d'Ivoire,CIV,2001,521.9456787109375
Cote d'Ivoire,CIV,2002,523.078125
Cote d'Ivoire,CIV,2003,521.5653686523438
Cote d'Ivoire,CIV,2004,515.9002685546875
Cote d'Ivoire,CIV,2005,486.07794189453125
Cote d'Ivoire,CIV,2006,475.74176025390625
Cote d'Ivoire,CIV,2007,471.2861633300781
Cote d'Ivoire,CIV,2008,477.9308166503906
Cote d'Ivoire,CIV,2009,485.2528991699219
Cote d'Ivoire,CIV,2010,481.8616943359375
Cote d'Ivoire,CIV,2011,466.6120300292969
Cote d'Ivoire,CIV,2012,382.5103759765625
Cote d'Ivoire,CIV,2013,294.24957275390625
Cote d'Ivoire,CIV,2014,265.4732360839844
Cote d'Ivoire,CIV,2015,247.73556518554688
Cote d'Ivoire,CIV,2016,251.3122100830078
Cote d'Ivoire,CIV,2017,259.9839782714844
Cote d'Ivoire,CIV,2018,272.3359680175781
Cote d'Ivoire,CIV,2019,281.1871032714844
Cote d'Ivoire,CIV,2020,287.0468444824219
Democratic Republic of Congo,COD,2000,469.52374267578125
Democratic Republic of Congo,COD,2001,469.8341369628906
Democratic Republic of Congo,COD,2002,470.3380126953125
Democratic Republic of Congo,COD,2003,474.5093078613281
Democratic Republic of Congo,COD,2004,481.2416076660156
Democratic Republic of Congo,COD,2005,481.6890563964844
Democratic Republic of Congo,COD,2006,473.9140625
Democratic Republic of Congo,COD,2007,464.05511474609375
Democratic Republic of Congo,COD,2008,444.96343994140625
Democratic Republic of Congo,COD,2009,413.9672546386719
Democratic Republic of Congo,COD,2010,389.9127197265625
Democratic Republic of Congo,COD,2011,365.71905517578125
Democratic Republic of Congo,COD,2012,345.5239562988281
Democratic Republic of Congo,COD,2013,326.4920959472656
Democratic Republic of Congo,COD,2014,307.5046691894531
Democratic Republic of Congo,COD,2015,295.7635498046875
Democratic Republic of Congo,COD,2016,297.48052978515625
Democratic Republic of Congo,COD,2017,308.2104187011719
Democratic Republic of Congo,COD,2018,320.8788757324219
Democratic Republic of Congo,COD,2019,320.6746826171875
Democratic Republic of Congo,COD,2020,324.2074279785156
Djibouti,DJI,2000,3.4044134616851807
Djibouti,DJI,2001,3.4054629802703857
Djibouti,DJI,2002,3.404445171356201
Djibouti,DJI,2003,3.4054923057556152
Djibouti,DJI,2004,3.404552459716797
Djibouti,DJI,2005,3.404991388320923
Djibouti,DJI,2006,3.4052138328552246
Djibouti,DJI,2007,3.4054768085479736
Djibouti,DJI,2008,3.4040884971618652
Djibouti,DJI,2009,4.32668924331665
Djibouti,DJI,2010,1.6029787063598633
Djibouti,DJI,2011,3.405271053314209
Djibouti,DJI,2012,3.405362606048584
Djibouti,DJI,2013,2.542266607284546
Djibouti,DJI,2014,14.00532341003418
Djibouti,DJI,2015,13.820622444152832
Djibouti,DJI,2016,19.837448120117188
Djibouti,DJI,2017,20.72178077697754
Djibouti,DJI,2018,34.54941177368164
Djibouti,DJI,2019,67.66572570800781
Djibouti,DJI,2020,97.62431335449219
Dominican Republic,DOM,2000,0.3266061842441559
Dominican Republic,DOM,2001,0.2776440680027008
Dominican Republic,DOM,2002,0.35061144828796387
Dominican Republic,DOM,2003,0.40677499771118164
Dominican Republic,DOM,2004,0.6161872148513794
Dominican Republic,DOM,2005,0.9878360629081726
Dominican Republic,DOM,2006,0.8930975198745728
Dominican Republic,DOM,2007,0.676123857498169
Dominican Republic,DOM,2008,0.45396095514297485
Dominican Republic,DOM,2009,0.4009435474872589
Dominican Republic,DOM,2010,0.599595844745636
Dominican Republic,DOM,2011,0.38628631830215454
Dominican Republic,DOM,2012,0.22522246837615967
Dominican Republic,DOM,2013,0.11075451970100403
Dominican Republic,DOM,2014,0.10108613967895508
Dominican Republic,DOM,2015,0.13737447559833527
Dominican Republic,DOM,2016,0.14858706295490265
Dominican Republic,DOM,2017,0.07252845168113708
Dominican Republic,DOM,2018,0.09122521430253983
Dominican Republic,DOM,2019,0.2691356837749481
Dominican Republic,DOM,2020,0.17053702473640442
East Asia and Pacific,,2000,6.124702453613281
East Asia and Pacific,,2001,5.763105392456055
East Asia and Pacific,,2002,5.378639221191406
East Asia and Pacific,,2003,5.403348922729492
East Asia and Pacific,,2004,5.781715393066406
East Asia and Pacific,,2005,5.343562126159668
East Asia and Pacific,,2006,5.2821946144104
East Asia and Pacific,,2007,4.688276290893555
East Asia and Pacific,,2008,4.809637546539307
East Asia and Pacific,,2009,5.222476482391357
East Asia and Pacific,,2010,5.908931732177734
East Asia and Pacific,,2011,4.672259330749512
East Asia and Pacific,,2012,5.28190279006958
East Asia and Pacific,,2013,3.9172794818878174
East Asia and Pacific,,2014,3.5242388248443604
East Asia and Pacific,,2015,2.5091536045074463
East Asia and Pacific,,2016,2.6426901817321777
East Asia and Pacific,,2017,2.3329596519470215
East Asia and Pacific,,2018,2.214970588684082
East Asia and Pacific,,2019,1.9921602010726929
East Asia and Pacific,,2020,2.339289665222168
Ecuador,ECU,2000,282.8697204589844
Ecuador,ECU,2001,289.3793640136719
Ecuador,ECU,2002,226.5195770263672
Ecuador,ECU,2003,133.63980102539062
Ecuador,ECU,2004,72.51425170898438
Ecuador,ECU,2005,42.31987380981445
Ecuador,ECU,2006,24.07430076599121
Ecuador,ECU,2007,19.668699264526367
Ecuador,ECU,2008,11.5470609664917
Ecuador,ECU,2009,9.583625793457031
Ecuador,ECU,2010,4.316188335418701
Ecuador,ECU,2011,2.741971015930176
Ecuador,ECU,2012,1.2064357995986938
Ecuador,ECU,2013,0.8039937615394592
Ecuador,ECU,2014,0.5206137299537659
Ecuador,ECU,2015,1.3081635236740112
Ecuador,ECU,2016,2.478404998779297
Ecuador,ECU,2017,2.6066956520080566
Ecuador,ECU,2018,3.320357322692871
Ecuador,ECU,2019,3.561354875564575
Ecuador,ECU,2020,3.76178240776062
Egypt,EGY,2000,0
Egypt,EGY,2001,0
Egypt,EGY,2002,0
Egypt,EGY,2003,0
Egypt,EGY,2004,0
Egypt,EGY,2005,0
Egypt,EGY,2006,0
Egypt,EGY,2007,0
Egypt,EGY,2008,0
Egypt,EGY,2009,0
Egypt,EGY,2010,0
Egypt,EGY,2011,0
Egypt,EGY,2012,0
Egypt,EGY,2013,0
Egypt,EGY,2014,0
Egypt,EGY,2015,0
Egypt,EGY,2016,0
Egypt,EGY,2017,0
Egypt,EGY,2018,0
Egypt,EGY,2019,0
Egypt,EGY,2020,0
El Salvador,SLV,2000,0.62999427318573
El Salvador,SLV,2001,0.3008691072463989
El Salvador,SLV,2002,0.09666913002729416
El Salvador,SLV,2003,0.06985553354024887
El Salvador,SLV,2004,0.09159073978662491
El Salvador,SLV,2005,0.05453445762395859
El Salvador,SLV,2006,0.03970450162887573
El Salvador,SLV,2007,0.032271623611450195
El Salvador,SLV,2008,0.026511389762163162
El Salvador,SLV,2009,0.016799893230199814
El Salvador,SLV,2010,0.013542287983000278
El Salvador,SLV,2011,0.005552272778004408
El Salvador,SLV,2012,0.010266145691275597
El Salvador,SLV,2013,0.004716932773590088
El Salvador,SLV,2014,0.004695166368037462
El Salvador,SLV,2015,0.003894084133207798
El Salvador,SLV,2016,0.009300198405981064
El Salvador,SLV,2017,0
El Salvador,SLV,2018,0
El Salvador,SLV,2019,0
El Salvador,SLV,2020,0
Equatorial Guinea,GNQ,2000,388.1289367675781
Equatorial Guinea,GNQ,2001,389.03717041015625
Equatorial Guinea,GNQ,2002,388.94390869140625
Equatorial Guinea,GNQ,2003,392.4272155761719
Equatorial Guinea,GNQ,2004,394.4241638183594
Equatorial Guinea,GNQ,2005,396.4793701171875
Equatorial Guinea,GNQ,2006,392.6033935546875
Equatorial Guinea,GNQ,2007,385.9150695800781
Equatorial Guinea,GNQ,2008,358.8197021484375
Equatorial Guinea,GNQ,2009,327.20562744140625
Equatorial Guinea,GNQ,2010,312.4973449707031
Equatorial Guinea,GNQ,2011,310.3050842285156
Equatorial Guinea,GNQ,2012,328.2117614746094
Equatorial Guinea,GNQ,2013,347.711669921875
Equatorial Guinea,GNQ,2014,345.0185546875
Equatorial Guinea,GNQ,2015,333.64910888671875
Equatorial Guinea,GNQ,2016,319.9029541015625
Equatorial Guinea,GNQ,2017,296.2168273925781
Equatorial Guinea,GNQ,2018,265.81134033203125
Equatorial Guinea,GNQ,2019,246.29530334472656
Equatorial Guinea,GNQ,2020,240.83792114257812
Eritrea,ERI,2000,18.34224510192871
Eritrea,ERI,2001,22.93364143371582
Eritrea,ERI,2002,13.22943115234375
Eritrea,ERI,2003,19.027502059936523
Eritrea,ERI,2004,5.549286842346191
Eritrea,ERI,2005,9.792500495910645
Eritrea,ERI,2006,5.632906913757324
Eritrea,ERI,2007,12.537126541137695
Eritrea,ERI,2008,6.780436992645264
Eritrea,ERI,2009,8.864330291748047
Eritrea,ERI,2010,26.327917098999023
Eritrea,ERI,2011,23.857728958129883
Eritrea,ERI,2012,16.14809799194336
Eritrea,ERI,2013,15.026575088500977
Eritrea,ERI,2014,33.12422180175781
Eritrea,ERI,2015,19.151506423950195
Eritrea,ERI,2016,25.6358699798584
Eritrea,ERI,2017,33.9676513671875
Eritrea,ERI,2018,28.87977409362793
Eritrea,ERI,2019,57.299198150634766
Eritrea,ERI,2020,44.80255889892578
Eswatini,SWZ,2000,2.8132991790771484
Eswatini,SWZ,2001,4.915260314941406
Eswatini,SWZ,2002,2.3481171131134033
Eswatini,SWZ,2003,1.194209098815918
Eswatini,SWZ,2004,1.9974944591522217
Eswatini,SWZ,2005,0.9668666124343872
Eswatini,SWZ,2006,0.5342874526977539
Eswatini,SWZ,2007,0.2877283990383148
Eswatini,SWZ,2008,0.19728897511959076
Eswatini,SWZ,2009,0.3580004572868347
Eswatini,SWZ,2010,0.8988613486289978
Eswatini,SWZ,2011,1.26262629032135
Eswatini,SWZ,2012,1.3534128665924072
Eswatini,SWZ,2013,2.3922500610351562
Eswatini,SWZ,2014,1.2687292098999023
Eswatini,SWZ,2015,1.028693437576294
Eswatini,SWZ,2016,0.8014926910400391
Eswatini,SWZ,2017,1.3970649242401123
Eswatini,SWZ,2018,2.156174898147583
Eswatini,SWZ,2019,0.7434435486793518
Eswatini,SWZ,2020,0.7172651290893555
Ethiopia,ETH,2000,222.3265380859375
Ethiopia,ETH,2001,231.74075317382812
Ethiopia,ETH,2002,205.86285400390625
Ethiopia,ETH,2003,217.67103576660156
Ethiopia,ETH,2004,222.2745361328125
Ethiopia,ETH,2005,152.03924560546875
Ethiopia,ETH,2006,141.75399780273438
Ethiopia,ETH,2007,121.48372650146484
Ethiopia,ETH,2008,100.63729095458984
Ethiopia,ETH,2009,135.9037628173828
Ethiopia,ETH,2010,155.28338623046875
Ethiopia,ETH,2011,155.21522521972656
Ethiopia,ETH,2012,174.5785369873047
Ethiopia,ETH,2013,191.6064910888672
Ethiopia,ETH,2014,158.7776336669922
Ethiopia,ETH,2015,133.78501892089844
Ethiopia,ETH,2016,92.28263092041016
Ethiopia,ETH,2017,67.05237579345703
Ethiopia,ETH,2018,37.608943939208984
Ethiopia,ETH,2019,34.7076530456543
Ethiopia,ETH,2020,54.12618637084961
Gabon,GAB,2000,324.1405944824219
Gabon,GAB,2001,306.8501892089844
Gabon,GAB,2002,274.9648742675781
Gabon,GAB,2003,231.66250610351562
Gabon,GAB,2004,177.57728576660156
Gabon,GAB,2005,142.30772399902344
Gabon,GAB,2006,120.2662124633789
Gabon,GAB,2007,109.87019348144531
Gabon,GAB,2008,117.10210418701172
Gabon,GAB,2009,142.84939575195312
Gabon,GAB,2010,172.40199279785156
Gabon,GAB,2011,201.08700561523438
Gabon,GAB,2012,226.08287048339844
Gabon,GAB,2013,241.24221801757812
Gabon,GAB,2014,259.92022705078125
Gabon,GAB,2015,253.9254150390625
Gabon,GAB,2016,230.2769775390625
Gabon,GAB,2017,218.921142578125
Gabon,GAB,2018,209.36972045898438
Gabon,GAB,2019,206.6475830078125
Gabon,GAB,2020,215.46343994140625
Gambia,GMB,2000,373.1706848144531
Gambia,GMB,2001,361.4666748046875
Gambia,GMB,2002,350.238525390625
Gambia,GMB,2003,339.536865234375
Gambia,GMB,2004,329.3458557128906
Gambia,GMB,2005,319.60394287109375
Gambia,GMB,2006,310.2207946777344
Gambia,GMB,2007,301.11181640625
Gambia,GMB,2008,292.22369384765625
Gambia,GMB,2009,283.5439453125
Gambia,GMB,2010,275.087158203125
Gambia,GMB,2011,256.4056091308594
Gambia,GMB,2012,275.0580139160156
Gambia,GMB,2013,292.69830322265625
Gambia,GMB,2014,150.05703735351562
Gambia,GMB,2015,215.96798706054688
Gambia,GMB,2016,138.22218322753906
Gambia,GMB,2017,66.8760986328125
Gambia,GMB,2018,85.9693374633789
Gambia,GMB,2019,46.84379959106445
Gambia,GMB,2020,87.267822265625
Georgia,GEO,2000,5.616560935974121
Georgia,GEO,2001,10.193395614624023
Georgia,GEO,2002,11.130680084228516
Georgia,GEO,2003,7.454764366149902
Georgia,GEO,2004,6.08168888092041
Georgia,GEO,2005,3.6816227436065674
Georgia,GEO,2006,1.4082154035568237
Georgia,GEO,2007,0.5759815573692322
Georgia,GEO,2008,0.14483657479286194
Georgia,GEO,2009,0.02427537925541401
Georgia,GEO,2010,0
Georgia,GEO,2011,0
Georgia,GEO,2012,0
Georgia,GEO,2013,0
Georgia,GEO,2014,0
Georgia,GEO,2015,0
Georgia,GEO,2016,0
Georgia,GEO,2017,0
Georgia,GEO,2018,0
Georgia,GEO,2019,0
Ghana,GHA,2000,435.2347412109375
Ghana,GHA,2001,419.9303894042969
Ghana,GHA,2002,391.1704406738281
Ghana,GHA,2003,370.89556884765625
Ghana,GHA,2004,352.2653503417969
Ghana,GHA,2005,336.3853454589844
Ghana,GHA,2006,327.9939270019531
Ghana,GHA,2007,328.58929443359375
Ghana,GHA,2008,342.2000427246094
Ghana,GHA,2009,359.73101806640625
Ghana,GHA,2010,371.74578857421875
Ghana,GHA,2011,376.21636962890625
Ghana,GHA,2012,366.0708923339844
Ghana,GHA,2013,341.4901123046875
Ghana,GHA,2014,310.78326416015625
Ghana,GHA,2015,275.8208312988281
Ghana,GHA,2016,237.48046875
Ghana,GHA,2017,200.8935089111328
Ghana,GHA,2018,171.70559692382812
Ghana,GHA,2019,161.4814910888672
Ghana,GHA,2020,162.8479766845703
Guatemala,GTM,2000,7.239710807800293
Guatemala,GTM,2001,4.740970611572266
Guatemala,GTM,2002,4.580051898956299
Guatemala,GTM,2003,3.9006614685058594
Guatemala,GTM,2004,3.5322656631469727
Guatemala,GTM,2005,4.70714807510376
Guatemala,GTM,2006,3.619849920272827
Guatemala,GTM,2007,1.7395929098129272
Guatemala,GTM,2008,0.7964079976081848
Guatemala,GTM,2009,0.7665884494781494
Guatemala,GTM,2010,0.8572362661361694
Guatemala,GTM,2011,0.7060611248016357
Guatemala,GTM,2012,0.5431891679763794
Guatemala,GTM,2013,0.6185025572776794
Guatemala,GTM,2014,0.4795033931732178
Guatemala,GTM,2015,0.5283113718032837
Guatemala,GTM,2016,0.46785271167755127
Guatemala,GTM,2017,0.3784030079841614
Guatemala,GTM,2018,0.27195054292678833
Guatemala,GTM,2019,0.18293316662311554
Guatemala,GTM,2020,0.09175723791122437
Guinea,GIN,2000,445.0223083496094
Guinea,GIN,2001,442.745849609375
Guinea,GIN,2002,426.08575439453125
Guinea,GIN,2003,404.383056640625
Guinea,GIN,2004,370.85565185546875
Guinea,GIN,2005,343.6630859375
Guinea,GIN,2006,333.3249816894531
Guinea,GIN,2007,336.5329284667969
Guinea,GIN,2008,356.1859130859375
Guinea,GIN,2009,384.6197509765625
Guinea,GIN,2010,406.7508544921875
Guinea,GIN,2011,421.860107421875
Guinea,GIN,2012,429.7427978515625
Guinea,GIN,2013,414.7398681640625
Guinea,GIN,2014,398.85076904296875
Guinea,GIN,2015,382.21661376953125
Guinea,GIN,2016,360.81329345703125
Guinea,GIN,2017,353.731201171875
Guinea,GIN,2018,349.26922607421875
Guinea,GIN,2019,327.849853515625
Guinea,GIN,2020,319.5382995605469
Guinea-Bissau,GNB,2000,399.44976806640625
Guinea-Bissau,GNB,2001,330.8730773925781
Guinea-Bissau,GNB,2002,260.890380859375
Guinea-Bissau,GNB,2003,192.06777954101562
Guinea-Bissau,GNB,2004,127.45642852783203
Guinea-Bissau,GNB,2005,94.8271713256836
Guinea-Bissau,GNB,2006,77.35147857666016
Guinea-Bissau,GNB,2007,75.47190856933594
Guinea-Bissau,GNB,2008,88.40335845947266
Guinea-Bissau,GNB,2009,107.5947494506836
Guinea-Bissau,GNB,2010,124.62539672851562
Guinea-Bissau,GNB,2011,127.88580322265625
Guinea-Bissau,GNB,2012,121.28866577148438
Guinea-Bissau,GNB,2013,111.83193969726562
Guinea-Bissau,GNB,2014,95.04305267333984
Guinea-Bissau,GNB,2015,78.49381256103516
Guinea-Bissau,GNB,2016,65.6445083618164
Guinea-Bissau,GNB,2017,57.10539627075195
Guinea-Bissau,GNB,2018,56.74052810668945
Guinea-Bissau,GNB,2019,63.4603157043457
Guinea-Bissau,GNB,2020,88.91625213623047
Guyana,GUY,2000,45.03440475463867
Guyana,GUY,2001,50.95772171020508
Guyana,GUY,2002,41.16065216064453
Guyana,GUY,2003,51.910911560058594
Guyana,GUY,2004,54.196048736572266
Guyana,GUY,2005,73.15225982666016
Guyana,GUY,2006,37.019569396972656
Guyana,GUY,2007,21.028108596801758
Guyana,GUY,2008,21.913057327270508
Guyana,GUY,2009,23.90874671936035
Guyana,GUY,2010,39.538047790527344
Guyana,GUY,2011,51.677528381347656
Guyana,GUY,2012,57.68161392211914
Guyana,GUY,2013,75.675537109375
Guyana,GUY,2014,29.225631713867188
Guyana,GUY,2015,23.493907928466797
Guyana,GUY,2016,25.04268455505371
Guyana,GUY,2017,32.46441650390625
Guyana,GUY,2018,39.497718811035156
Guyana,GUY,2019,33.607357025146484
Guyana,GUY,2020,28.172075271606445
Haiti,HTI,2000,9.588944435119629
Haiti,HTI,2001,9.588907241821289
Haiti,HTI,2002,9.588895797729492
Haiti,HTI,2003,9.588967323303223
Haiti,HTI,2004,9.58895206451416
Haiti,HTI,2005,9.588868141174316
Haiti,HTI,2006,9.725810050964355
Haiti,HTI,2007,8.639538764953613
Haiti,HTI,2008,10.39097785949707
Haiti,HTI,2009,9.588896751403809
Haiti,HTI,2010,9.588905334472656
Haiti,HTI,2011,9.02976131439209
Haiti,HTI,2012,7.156835079193115
Haiti,HTI,2013,6.731583118438721
Haiti,HTI,2014,3.514066696166992
Haiti,HTI,2015,3.3681788444519043
Haiti,HTI,2016,3.746030807495117
Haiti,HTI,2017,3.37570858001709
Haiti,HTI,2018,1.610034704208374
Haiti,HTI,2019,1.7592763900756836
Haiti,HTI,2020,3.737809181213379
Honduras,HND,2000,8.647582054138184
Honduras,HND,2001,5.789026737213135
Honduras,HND,2002,4.023082733154297
Honduras,HND,2003,3.2167623043060303
Honduras,HND,2004,3.843169927597046
Honduras,HND,2005,3.473475694656372
Honduras,HND,2006,2.4898974895477295
Honduras,HND,2007,2.1153812408447266
Honduras,HND,2008,1.6241192817687988
Honduras,HND,2009,1.7472628355026245
Honduras,HND,2010,1.7664015293121338
Honduras,HND,2011,1.336797833442688
Honduras,HND,2012,1.1090188026428223
Honduras,HND,2013,0.9073110818862915
Honduras,HND,2014,0.5612698197364807
Honduras,HND,2015,0.5805341005325317
Honduras,HND,2016,0.6572206020355225
Honduras,HND,2017,0.19974705576896667
Honduras,HND,2018,0.10743429511785507
Honduras,HND,2019,0.05029434710741043
Honduras,HND,2020,0.12238629162311554
India,IND,2000,19.91361427307129
India,IND,2001,19.99201202392578
India,IND,2002,18.537405014038086
India,IND,2003,19.485118865966797
India,IND,2004,21.27077293395996
India,IND,2005,22.630565643310547
India,IND,2006,18.22590446472168
India,IND,2007,17.357032775878906
India,IND,2008,17.909378051757812
India,IND,2009,18.14240264892578
India,IND,2010,17.53194236755371
India,IND,2011,14.79684066772461
India,IND,2012,11.818647384643555
India,IND,2013,9.176262855529785
India,IND,2014,9.188362121582031
India,IND,2015,9.682005882263184
India,IND,2016,10.044930458068848
India,IND,2017,7.4663615226745605
India,IND,2018,5.354936122894287
India,IND,2019,4.345677375793457
India,IND,2020,3.2170069217681885
Indonesia,IDN,2000,5.856180191040039
Indonesia,IDN,2001,5.856182098388672
Indonesia,IDN,2002,5.856182098388672
Indonesia,IDN,2003,5.856180667877197
Indonesia,IDN,2004,5.288463592529297
Indonesia,IDN,2005,5.698599338531494
Indonesia,IDN,2006,6.564471244812012
Indonesia,IDN,2007,5.85618257522583
Indonesia,IDN,2008,5.856183052062988
Indonesia,IDN,2009,5.856180667877197
Indonesia,IDN,2010,8.944175720214844
Indonesia,IDN,2011,8.027297019958496
Indonesia,IDN,2012,7.8559370040893555
Indonesia,IDN,2013,6.597557544708252
Indonesia,IDN,2014,4.95150089263916
Indonesia,IDN,2015,4.369207859039307
Indonesia,IDN,2016,4.5153398513793945
Indonesia,IDN,2017,3.0543928146362305
Indonesia,IDN,2018,2.230189561843872
Indonesia,IDN,2019,2.4368722438812256
Indonesia,IDN,2020,2.869419574737549
Iran,IRN,2000,29.426250457763672
Iran,IRN,2001,28.451828002929688
Iran,IRN,2002,22.64704704284668
Iran,IRN,2003,33.87607955932617
Iran,IRN,2004,19.632326126098633
Iran,IRN,2005,26.627429962158203
Iran,IRN,2006,22.08466911315918
Iran,IRN,2007,21.572195053100586
Iran,IRN,2008,11.338342666625977
Iran,IRN,2009,5.83564567565918
Iran,IRN,2010,2.4524807929992676
Iran,IRN,2011,2.1416704654693604
Iran,IRN,2012,0.9802116751670837
Iran,IRN,2013,0.6134105324745178
Iran,IRN,2014,0.4526345729827881
Iran,IRN,2015,0.20838402211666107
Iran,IRN,2016,0.09971096366643906
Iran,IRN,2017,0.06920163333415985
Iran,IRN,2018,0
Iran,IRN,2019,0
Iran,IRN,2020,0
Iraq,IRQ,2000,0.6089005470275879
Iraq,IRQ,2001,0.4019620716571808
Iraq,IRQ,2002,0.2937229871749878
Iraq,IRQ,2003,0.10408589988946915
Iraq,IRQ,2004,0.04531106352806091
Iraq,IRQ,2005,0.013428970240056515
Iraq,IRQ,2006,0.0067259748466312885
Iraq,IRQ,2007,0.0008267968078143895
Iraq,IRQ,2008,0.0016259519616141915
Iraq,IRQ,2009,0
Iraq,IRQ,2010,0
Iraq,IRQ,2011,0
Iraq,IRQ,2012,0
Iraq,IRQ,2013,0
Iraq,IRQ,2014,0
Iraq,IRQ,2015,0
Iraq,IRQ,2016,0
Iraq,IRQ,2017,0
Iraq,IRQ,2018,0
Iraq,IRQ,2019,0
Iraq,IRQ,2020,0
Kazakhstan,KAZ,2010,0
Kazakhstan,KAZ,2011,0
Kazakhstan,KAZ,2012,0
Kazakhstan,KAZ,2013,0
Kazakhstan,KAZ,2014,0
Kazakhstan,KAZ,2015,0
Kazakhstan,KAZ,2016,0
Kazakhstan,KAZ,2017,0
Kazakhstan,KAZ,2018,0
Kazakhstan,KAZ,2019,0
Kenya,KEN,2000,216.7955322265625
Kenya,KEN,2001,241.66136169433594
Kenya,KEN,2002,223.48760986328125
Kenya,KEN,2003,209.2248992919922
Kenya,KEN,2004,178.0768280029297
Kenya,KEN,2005,136.53355407714844
Kenya,KEN,2006,103.4976806640625
Kenya,KEN,2007,79.70836639404297
Kenya,KEN,2008,66.33679962158203
Kenya,KEN,2009,62.7689208984375
Kenya,KEN,2010,64.01905822753906
Kenya,KEN,2011,65.88105773925781
Kenya,KEN,2012,68.78956604003906
Kenya,KEN,2013,71.34954833984375
Kenya,KEN,2014,70.74807739257812
Kenya,KEN,2015,68.77052307128906
Kenya,KEN,2016,65.96076202392578
Kenya,KEN,2017,62.5417594909668
Kenya,KEN,2018,59.749847412109375
Kenya,KEN,2019,56.4512825012207
Kenya,KEN,2020,50.926483154296875
Kyrgyzstan,KGZ,2000,0.0018237929325550795
Kyrgyzstan,KGZ,2001,0.003874953603371978
Kyrgyzstan,KGZ,2002,0.6999109983444214
Kyrgyzstan,KGZ,2003,0.11788596212863922
Kyrgyzstan,KGZ,2004,0.02315276488661766
Kyrgyzstan,KGZ,2005,0.05683590844273567
Kyrgyzstan,KGZ,2006,0.07955937087535858
Kyrgyzstan,KGZ,2007,0.02373993583023548
Kyrgyzstan,KGZ,2008,0.00439144903793931
Kyrgyzstan,KGZ,2009,0.00024032268265727907
Kyrgyzstan,KGZ,2010,0.000709321815520525
Kyrgyzstan,KGZ,2011,0
Kyrgyzstan,KGZ,2012,0
Kyrgyzstan,KGZ,2013,0
Kyrgyzstan,KGZ,2014,0
Kyrgyzstan,KGZ,2015,0
Kyrgyzstan,KGZ,2016,0
Kyrgyzstan,KGZ,2017,0
Kyrgyzstan,KGZ,2018,0
Kyrgyzstan,KGZ,2019,0
Laos,LAO,2000,32.40095901489258
Laos,LAO,2001,22.056100845336914
Laos,LAO,2002,17.633913040161133
Laos,LAO,2003,15.75257396697998
Laos,LAO,2004,13.689521789550781
Laos,LAO,2005,11.695301055908203
Laos,LAO,2006,16.096603393554688
Laos,LAO,2007,14.769533157348633
Laos,LAO,2008,13.172921180725098
Laos,LAO,2009,14.836031913757324
Laos,LAO,2010,13.459454536437988
Laos,LAO,2011,9.193763732910156
Laos,LAO,2012,23.838584899902344
Laos,LAO,2013,20.14571762084961
Laos,LAO,2014,25.404247283935547
Laos,LAO,2015,17.81483268737793
Laos,LAO,2016,7.540913105010986
Laos,LAO,2017,4.037933349609375
Laos,LAO,2018,4.260311603546143
Laos,LAO,2019,3.1067771911621094
Laos,LAO,2020,1.4987735748291016
Latin America and Caribbean,,2000,14.074366569519043
Latin America and Caribbean,,2001,11.654648780822754
Latin America and Caribbean,,2002,10.461414337158203
Latin America and Caribbean,,2003,10.094097137451172
Latin America and Caribbean,,2004,9.842486381530762
Latin America and Caribbean,,2005,10.769694328308105
Latin America and Caribbean,,2006,9.140707015991211
Latin America and Caribbean,,2007,8.113265991210938
Latin America and Caribbean,,2008,5.640564918518066
Latin America and Caribbean,,2009,5.495057106018066
Latin America and Caribbean,,2010,6.479902267456055
Latin America and Caribbean,,2011,4.809792518615723
Latin America and Caribbean,,2012,4.521795749664307
Latin America and Caribbean,,2013,4.39287805557251
Latin America and Caribbean,,2014,3.586013078689575
Latin America and Caribbean,,2015,4.494839668273926
Latin America and Caribbean,,2016,5.0885210037231445
Latin America and Caribbean,,2017,6.921051025390625
Latin America and Caribbean,,2018,6.7374067306518555
Latin America and Caribbean,,2019,6.420847415924072
Latin America and Caribbean,,2020,4.643306732177734
Liberia,LBR,2000,465.93212890625
Liberia,LBR,2001,458.75152587890625
Liberia,LBR,2002,445.24578857421875
Liberia,LBR,2003,430.27471923828125
Liberia,LBR,2004,408.6582946777344
Liberia,LBR,2005,393.4956970214844
Liberia,LBR,2006,381.04974365234375
Liberia,LBR,2007,374.8556823730469
Liberia,LBR,2008,372.161865234375
Liberia,LBR,2009,354.1998596191406
Liberia,LBR,2010,337.3964538574219
Liberia,LBR,2011,327.0040283203125
Liberia,LBR,2012,313.7292175292969
Liberia,LBR,2013,322.26092529296875
Liberia,LBR,2014,342.0675048828125
Liberia,LBR,2015,347.90167236328125
Liberia,LBR,2016,373.2618408203125
Liberia,LBR,2017,392.2958679199219
Liberia,LBR,2018,383.2449035644531
Liberia,LBR,2019,369.64752197265625
Liberia,LBR,2020,358.0458068847656
Low and middle income,,2000,82.11833953857422
Low and middle income,,2001,82.54714965820312
Low and middle income,,2002,79.4406509399414
Low and middle income,,2003,79.0599594116211
Low and middle income,,2004,78.53994750976562
Low and middle income,,2005,76.92050170898438
Low and middle income,,2006,74.17448425292969
Low and middle income,,2007,72.17776489257812
Low and middle income,,2008,70.82881164550781
Low and middle income,,2009,71.01802825927734
Low and middle income,,2010,69.92583465576172
Low and middle income,,2011,66.93374633789062
Low and middle income,,2012,64.84989929199219
Low and middle income,,2013,62.30827713012695
Low and middle income,,2014,60.35578918457031
Low and middle income,,2015,59.373046875
Low and middle income,,2016,59.16746520996094
Low and middle income,,2017,59.562355041503906
Low and middle income,,2018,57.62052917480469
Low and middle income,,2019,56.65464782714844
Low and middle income,,2020,59.99327087402344
Low income,,2000,297.7220153808594
Low income,,2001,300.2113952636719
Low income,,2002,288.6934509277344
Low income,,2003,282.1666259765625
Low income,,2004,271.7334289550781
Low income,,2005,256.96636962890625
Low income,,2006,248.98724365234375
Low income,,2007,239.22218322753906
Low income,,2008,233.46275329589844
Low income,,2009,237.87025451660156
Low income,,2010,237.806884765625
Low income,,2011,231.14122009277344
Low income,,2012,230.80960083007812
Low income,,2013,225.8778076171875
Low income,,2014,213.8167266845703
Low income,,2015,207.54122924804688
Low income,,2016,203.6669158935547
Low income,,2017,208.6678009033203
Low income,,2018,198.4028778076172
Low income,,2019,191.30116271972656
Low income,,2020,199.6526336669922
Lower middle income,,2000,70.69223022460938
Lower middle income,,2001,70.31429290771484
Lower middle income,,2002,67.0979232788086
Lower middle income,,2003,67.05840301513672
Lower middle income,,2004,67.5287857055664
Lower middle income,,2005,67.14141082763672
Lower middle income,,2006,63.832603454589844
Lower middle income,,2007,62.2310676574707
Lower middle income,,2008,60.84136962890625
Lower middle income,,2009,59.590763092041016
Lower middle income,,2010,57.91179275512695
Lower middle income,,2011,54.16557693481445
Lower middle income,,2012,50.636634826660156
Lower middle income,,2013,47.2314453125
Lower middle income,,2014,46.355560302734375
Lower middle income,,2015,45.68963623046875
Lower middle income,,2016,45.73611068725586
Lower middle income,,2017,44.740272521972656
Lower middle income,,2018,43.42409896850586
Lower middle income,,2019,43.15614318847656
Lower middle income,,2020,45.15528869628906
Madagascar,MDG,2000,57.461669921875
Madagascar,MDG,2001,68.35376739501953
Madagascar,MDG,2002,53.594303131103516
Madagascar,MDG,2003,68.29460906982422
Madagascar,MDG,2004,46.85358428955078
Madagascar,MDG,2005,36.14888381958008
Madagascar,MDG,2006,35.30263137817383
Madagascar,MDG,2007,22.75490951538086
Madagascar,MDG,2008,23.472686767578125
Madagascar,MDG,2009,42.919883728027344
Madagascar,MDG,2010,42.24448013305664
Madagascar,MDG,2011,37.87431716918945
Madagascar,MDG,2012,71.35712432861328
Madagascar,MDG,2013,65.20948791503906
Madagascar,MDG,2014,45.70940017700195
Madagascar,MDG,2015,96.80367279052734
Madagascar,MDG,2016,56.579097747802734
Madagascar,MDG,2017,75.66509246826172
Madagascar,MDG,2018,70.39794921875
Madagascar,MDG,2019,71.02641296386719
Madagascar,MDG,2020,133.45806884765625
Malawi,MWI,2000,463.2294616699219
Malawi,MWI,2001,465.2356262207031
Malawi,MWI,2002,437.955322265625
Malawi,MWI,2003,398.3938293457031
Malawi,MWI,2004,369.79901123046875
Malawi,MWI,2005,363.3733825683594
Malawi,MWI,2006,350.0597839355469
Malawi,MWI,2007,348.56085205078125
Malawi,MWI,2008,365.8872985839844
Malawi,MWI,2009,380.7442321777344
Malawi,MWI,2010,379.3916320800781
Malawi,MWI,2011,364.94366455078125
Malawi,MWI,2012,320.18231201171875
Malawi,MWI,2013,287.1022644042969
Malawi,MWI,2014,261.83416748046875
Malawi,MWI,2015,240.8399200439453
Malawi,MWI,2016,224.8483123779297
Malawi,MWI,2017,217.94284057617188
Malawi,MWI,2018,208.46768188476562
Malawi,MWI,2019,205.8724365234375
Malawi,MWI,2020,228.45327758789062
Malaysia,MYS,2000,13.694127082824707
Malaysia,MYS,2001,13.475838661193848
Malaysia,MYS,2002,11.379326820373535
Malaysia,MYS,2003,6.4152913093566895
Malaysia,MYS,2004,6.107430934906006
Malaysia,MYS,2005,5.419297218322754
Malaysia,MYS,2006,5.051150798797607
Malaysia,MYS,2007,3.7873754501342773
Malaysia,MYS,2008,5.572587966918945
Malaysia,MYS,2009,5.367761611938477
Malaysia,MYS,2010,4.603300094604492
Malaysia,MYS,2011,3.4501473903656006
Malaysia,MYS,2012,3.1494925022125244
Malaysia,MYS,2013,0.8721058368682861
Malaysia,MYS,2014,0.49888503551483154
Malaysia,MYS,2015,0.1998615860939026
Malaysia,MYS,2016,0.21672074496746063
Malaysia,MYS,2017,0.06831775605678558
Malaysia,MYS,2018,0
Malaysia,MYS,2019,0
Malaysia,MYS,2020,0
Mali,MLI,2000,406.2294006347656
Mali,MLI,2001,407.44647216796875
Mali,MLI,2002,416.4582824707031
Mali,MLI,2003,423.8088684082031
Mali,MLI,2004,429.3725891113281
Mali,MLI,2005,431.2402648925781
Mali,MLI,2006,405.7103271484375
Mali,MLI,2007,388.8055114746094
Mali,MLI,2008,379.0587463378906
Mali,MLI,2009,374.56231689453125
Mali,MLI,2010,383.6034240722656
Mali,MLI,2011,404.7329406738281
Mali,MLI,2012,435.65057373046875
Mali,MLI,2013,452.8159484863281
Mali,MLI,2014,441.00738525390625
Mali,MLI,2015,391.8293151855469
Mali,MLI,2016,384.2218017578125
Mali,MLI,2017,386.7775573730469
Mali,MLI,2018,386.77752685546875
Mali,MLI,2019,333.6954345703125
Mali,MLI,2020,357.4502258300781
Mauritania,MRT,2000,153.5683135986328
Mauritania,MRT,2001,159.0072479248047
Mauritania,MRT,2002,124.17169189453125
Mauritania,MRT,2003,118.74525451660156
Mauritania,MRT,2004,92.54107666015625
Mauritania,MRT,2005,84.20480346679688
Mauritania,MRT,2006,74.07095336914062
Mauritania,MRT,2007,71.02299499511719
Mauritania,MRT,2008,60.889129638671875
Mauritania,MRT,2009,31.11355972290039
Mauritania,MRT,2010,35.21406936645508
Mauritania,MRT,2011,45.15309524536133
Mauritania,MRT,2012,22.93477439880371
Mauritania,MRT,2013,24.649921417236328
Mauritania,MRT,2014,49.20280075073242
Mauritania,MRT,2015,61.60881805419922
Mauritania,MRT,2016,75.67709350585938
Mauritania,MRT,2017,55.48825454711914
Mauritania,MRT,2018,39.414649963378906
Mauritania,MRT,2019,28.107046127319336
Mauritania,MRT,2020,29.99057960510254
Mexico,MEX,2000,3.5246264934539795
Mexico,MEX,2001,2.3495993614196777
Mexico,MEX,2002,2.144994020462036
Mexico,MEX,2003,1.7475725412368774
Mexico,MEX,2004,1.5372005701065063
Mexico,MEX,2005,1.3202451467514038
Mexico,MEX,2006,1.1024986505508423
Mexico,MEX,2007,1.020128607749939
Mexico,MEX,2008,1.0032848119735718
Mexico,MEX,2009,1.1336973905563354
Mexico,MEX,2010,0.5068689584732056
Mexico,MEX,2011,0.45826244354248047
Mexico,MEX,2012,0.3350478410720825
Mexico,MEX,2013,0.19649602472782135
Mexico,MEX,2014,0.2571008503437042
Mexico,MEX,2015,0.2001243382692337
Mexico,MEX,2016,0.2107342928647995
Mexico,MEX,2017,0.27823153138160706
Mexico,MEX,2018,0.3001595437526703
Mexico,MEX,2019,0.22849950194358826
Mexico,MEX,2020,0.13024196028709412
Middle East and North Africa,,2000,8.020793914794922
Middle East and North Africa,,2001,8.729988098144531
Middle East and North Africa,,2002,9.464864730834961
Middle East and North Africa,,2003,8.507329940795898
Middle East and North Africa,,2004,6.683545112609863
Middle East and North Africa,,2005,6.902867317199707
Middle East and North Africa,,2006,8.061079978942871
Middle East and North Africa,,2007,5.630537509918213
Middle East and North Africa,,2008,3.4867970943450928
Middle East and North Africa,,2009,4.403960704803467
Middle East and North Africa,,2010,6.919645309448242
Middle East and North Africa,,2011,4.775875091552734
Middle East and North Africa,,2012,4.8374738693237305
Middle East and North Africa,,2013,3.8760640621185303
Middle East and North Africa,,2014,3.2466299533843994
Middle East and North Africa,,2015,2.8041234016418457
Middle East and North Africa,,2016,3.561542510986328
Middle East and North Africa,,2017,3.954434633255005
Middle East and North Africa,,2018,4.571971416473389
Middle East and North Africa,,2019,4.470058917999268
Middle East and North Africa,,2020,4.196216583251953
Middle income,,2000,53.76581573486328
Middle income,,2001,53.54835510253906
Middle income,,2002,51.180606842041016
Middle income,,2003,51.241703033447266
Middle income,,2004,51.69725036621094
Middle income,,2005,51.539676666259766
Middle income,,2006,49.14179611206055
Middle income,,2007,47.92741012573242
Middle income,,2008,46.87238311767578
Middle income,,2009,46.06821060180664
Middle income,,2010,44.645809173583984
Middle income,,2011,41.869449615478516
Middle income,,2012,39.23514175415039
Middle income,,2013,36.73912048339844
Middle income,,2014,36.099918365478516
Middle income,,2015,35.660491943359375
Middle income,,2016,35.74126052856445
Middle income,,2017,35.065120697021484
Middle income,,2018,34.13248062133789
Middle income,,2019,33.903507232666016
Middle income,,2020,35.79087829589844
Morocco,MAR,2000,0.00010418955935165286
Morocco,MAR,2001,0
Morocco,MAR,2002,0.0006450569489970803
Morocco,MAR,2003,0.0001343053299933672
Morocco,MAR,2004,0.00003320582618471235
Morocco,MAR,2005,0
Morocco,MAR,2006,0
Morocco,MAR,2007,0
Morocco,MAR,2008,0
Morocco,MAR,2009,0
Morocco,MAR,2010,0
Morocco,MAR,2011,0
Morocco,MAR,2012,0
Morocco,MAR,2013,0
Morocco,MAR,2014,0
Morocco,MAR,2015,0
Morocco,MAR,2016,0
Morocco,MAR,2017,0
Morocco,MAR,2018,0
Morocco,MAR,2019,0
Morocco,MAR,2020,0
Mozambique,MOZ,2000,486.4447021484375
Mozambique,MOZ,2001,501.8713684082031
Mozambique,MOZ,2002,500.46868896484375
Mozambique,MOZ,2003,483.0822448730469
Mozambique,MOZ,2004,452.0640869140625
Mozambique,MOZ,2005,415.13214111328125
Mozambique,MOZ,2006,395.6060485839844
Mozambique,MOZ,2007,382.6486511230469
Mozambique,MOZ,2008,379.23370361328125
Mozambique,MOZ,2009,375.6319580078125
Mozambique,MOZ,2010,371.804931640625
Mozambique,MOZ,2011,368.025634765625
Mozambique,MOZ,2012,367.0550537109375
Mozambique,MOZ,2013,366.406005859375
Mozambique,MOZ,2014,355.99261474609375
Mozambique,MOZ,2015,347.77197265625
Mozambique,MOZ,2016,341.57086181640625
Mozambique,MOZ,2017,328.10089111328125
Mozambique,MOZ,2018,315.26104736328125
Mozambique,MOZ,2019,303.98284912109375
Mozambique,MOZ,2020,320.1939697265625
Myanmar,MMR,2000,48.781959533691406
Myanmar,MMR,2001,48.78194808959961
Myanmar,MMR,2002,48.78197479248047
Myanmar,MMR,2003,48.78197479248047
Myanmar,MMR,2004,48.78196716308594
Myanmar,MMR,2005,48.78197479248047
Myanmar,MMR,2006,34.690155029296875
Myanmar,MMR,2007,43.44719696044922
Myanmar,MMR,2008,52.959693908691406
Myanmar,MMR,2009,49.89893341064453
Myanmar,MMR,2010,66.9845199584961
Myanmar,MMR,2011,43.71217727661133
Myanmar,MMR,2012,57.33041763305664
Myanmar,MMR,2013,19.825252532958984
Myanmar,MMR,2014,12.331241607666016
Myanmar,MMR,2015,8.671064376831055
Myanmar,MMR,2016,5.1322340965271
Myanmar,MMR,2017,3.8006484508514404
Myanmar,MMR,2018,3.399881362915039
Myanmar,MMR,2019,2.4447600841522217
Myanmar,MMR,2020,2.545546293258667
Namibia,NAM,2000,54.6323127746582
Namibia,NAM,2001,71.0877456665039
Namibia,NAM,2002,47.89938735961914
Namibia,NAM,2003,45.297996520996094
Namibia,NAM,2004,69.66609191894531
Namibia,NAM,2005,42.44483947753906
Namibia,NAM,2006,43.57037353515625
Namibia,NAM,2007,12.973794937133789
Namibia,NAM,2008,7.4565300941467285
Namibia,NAM,2009,4.916988849639893
Namibia,NAM,2010,1.5399634838104248
Namibia,NAM,2011,1.8062024116516113
Namibia,NAM,2012,3.1381592750549316
Namibia,NAM,2013,4.424526691436768
Namibia,NAM,2014,14.286260604858398
Namibia,NAM,2015,8.191778182983398
Namibia,NAM,2016,17.12456703186035
Namibia,NAM,2017,46.74943161010742
Namibia,NAM,2018,25.84058952331543
Namibia,NAM,2019,2.881272315979004
Namibia,NAM,2020,10.044365882873535
Nepal,NPL,2000,6.904836177825928
Nepal,NPL,2001,7.892206192016602
Nepal,NPL,2002,11.873038291931152
Nepal,NPL,2003,10.007036209106445
Nepal,NPL,2004,4.712602615356445
Nepal,NPL,2005,4.82128381729126
Nepal,NPL,2006,4.700502872467041
Nepal,NPL,2007,5.503152847290039
Nepal,NPL,2008,4.005154609680176
Nepal,NPL,2009,3.2859838008880615
Nepal,NPL,2010,3.850846290588379
Nepal,NPL,2011,2.3583593368530273
Nepal,NPL,2012,1.743844747543335
Nepal,NPL,2013,1.300840973854065
Nepal,NPL,2014,0.625586748123169
Nepal,NPL,2015,0.5572612881660461
Nepal,NPL,2016,0.42367807030677795
Nepal,NPL,2017,0.33536070585250854
Nepal,NPL,2018,0.33547407388687134
Nepal,NPL,2019,0.055873073637485504
Nepal,NPL,2020,0.02896723337471485
Nicaragua,NIC,2000,13.536531448364258
Nicaragua,NIC,2001,5.9106340408325195
Nicaragua,NIC,2002,4.277435779571533
Nicaragua,NIC,2003,3.682671308517456
Nicaragua,NIC,2004,3.730051040649414
Nicaragua,NIC,2005,3.543403148651123
Nicaragua,NIC,2006,1.6383061408996582
Nicaragua,NIC,2007,0.7036703824996948
Nicaragua,NIC,2008,0.39008259773254395
Nicaragua,NIC,2009,0.30782395601272583
Nicaragua,NIC,2010,0.34458330273628235
Nicaragua,NIC,2011,0.45446184277534485
Nicaragua,NIC,2012,0.5989184379577637
Nicaragua,NIC,2013,0.5558780431747437
Nicaragua,NIC,2014,0.5392900109291077
Nicaragua,NIC,2015,1.0624195337295532
Nicaragua,NIC,2016,2.8844175338745117
Nicaragua,NIC,2017,4.9752726554870605
Nicaragua,NIC,2018,7.142677307128906
Nicaragua,NIC,2019,5.85101318359375
Nicaragua,NIC,2020,11.496681213378906
Niger,NER,2000,363.228515625
Niger,NER,2001,353.20623779296875
Niger,NER,2002,327.1295166015625
Niger,NER,2003,294.6735534667969
Niger,NER,2004,299.2618408203125
Niger,NER,2005,307.4595642089844
Niger,NER,2006,304.83917236328125
Niger,NER,2007,313.59490966796875
Niger,NER,2008,352.1458740234375
Niger,NER,2009,379.5455627441406
Niger,NER,2010,414.34814453125
Niger,NER,2011,428.1175842285156
Niger,NER,2012,429.7185974121094
Niger,NER,2013,416.6250915527344
Niger,NER,2014,409.30487060546875
Niger,NER,2015,403.9150695800781
Niger,NER,2016,387.5677795410156
Niger,NER,2017,364.3302307128906
Niger,NER,2018,344.9268798828125
Niger,NER,2019,326.5780334472656
Niger,NER,2020,324.1061706542969
Nigeria,NGA,2000,418.03863525390625
Nigeria,NGA,2001,407.7618408203125
Nigeria,NGA,2002,392.9392395019531
Nigeria,NGA,2003,391.6551208496094
Nigeria,NGA,2004,401.1536560058594
Nigeria,NGA,2005,407.78546142578125
Nigeria,NGA,2006,410.96142578125
Nigeria,NGA,2007,412.4350280761719
Nigeria,NGA,2008,413.0924987792969
Nigeria,NGA,2009,400.1757507324219
Nigeria,NGA,2010,373.25872802734375
Nigeria,NGA,2011,350.5023498535156
Nigeria,NGA,2012,328.05377197265625
Nigeria,NGA,2013,308.1847229003906
Nigeria,NGA,2014,297.3432922363281
Nigeria,NGA,2015,292.54241943359375
Nigeria,NGA,2016,293.923583984375
Nigeria,NGA,2017,297.9619140625
Nigeria,NGA,2018,299.0205993652344
Nigeria,NGA,2019,300.4425354003906
Nigeria,NGA,2020,313.7580871582031
North Korea,PRK,2000,10.117111206054688
North Korea,PRK,2001,12.79922866821289
North Korea,PRK,2002,10.846659660339355
North Korea,PRK,2003,1.7990070581436157
North Korea,PRK,2004,1.707858681678772
North Korea,PRK,2005,0.7207980155944824
North Korea,PRK,2006,0.7359780073165894
North Korea,PRK,2007,0.5076728463172913
North Korea,PRK,2008,1.7498849630355835
North Korea,PRK,2009,1.5339491367340088
North Korea,PRK,2010,1.4104150533676147
North Korea,PRK,2011,1.7395879030227661
North Korea,PRK,2012,2.256263494491577
North Korea,PRK,2013,1.479998230934143
North Korea,PRK,2014,1.0766955614089966
North Korea,PRK,2015,0.714069128036499
North Korea,PRK,2016,0.5093027949333191
North Korea,PRK,2017,0.4635525643825531
North Korea,PRK,2018,0.3706669807434082
North Korea,PRK,2019,0.18648746609687805
North Korea,PRK,2020,0.18070533871650696
Oman,OMN,2000,0.0026455342303961515
Oman,OMN,2001,0.0008714752621017396
Oman,OMN,2002,0.002569747157394886
Oman,OMN,2003,0.0025144959799945354
Oman,OMN,2004,0
Oman,OMN,2005,0
Oman,OMN,2006,0
Oman,OMN,2007,0.0015053654788061976
Oman,OMN,2008,0
Oman,OMN,2009,0
Oman,OMN,2010,0
Oman,OMN,2011,0
Oman,OMN,2012,0
Oman,OMN,2013,0
Oman,OMN,2014,0
Oman,OMN,2015,0
Oman,OMN,2016,0
Oman,OMN,2017,0
Oman,OMN,2018,0
Oman,OMN,2019,0
Oman,OMN,2020,0
Pakistan,PAK,2000,6.640674114227295
Pakistan,PAK,2001,7.231227397918701
Pakistan,PAK,2002,6.572575092315674
Pakistan,PAK,2003,6.144093990325928
Pakistan,PAK,2004,4.438295364379883
Pakistan,PAK,2005,5.362873554229736
Pakistan,PAK,2006,5.27808952331543
Pakistan,PAK,2007,5.063821792602539
Pakistan,PAK,2008,4.52622652053833
Pakistan,PAK,2009,5.885982990264893
Pakistan,PAK,2010,8.19587230682373
Pakistan,PAK,2011,10.574234962463379
Pakistan,PAK,2012,8.975686073303223
Pakistan,PAK,2013,7.547874927520752
Pakistan,PAK,2014,7.152639389038086
Pakistan,PAK,2015,5.062796592712402
Pakistan,PAK,2016,4.999025344848633
Pakistan,PAK,2017,4.011571884155273
Pakistan,PAK,2018,3.3815009593963623
Pakistan,PAK,2019,3.007784605026245
Pakistan,PAK,2020,2.5002596378326416
Panama,PAN,2000,0.3721472918987274
Panama,PAN,2001,0.32686397433280945
Panama,PAN,2002,0.7756123542785645
Panama,PAN,2003,1.5264755487442017
Panama,PAN,2004,1.6962425708770752
Panama,PAN,2005,1.1984148025512695
Panama,PAN,2006,0.5336452722549438
Panama,PAN,2007,0.4037490785121918
Panama,PAN,2008,0.2301803082227707
Panama,PAN,2009,0.2365248054265976
Panama,PAN,2010,0.12485641241073608
Panama,PAN,2011,0.10374375432729721
Panama,PAN,2012,0.24343273043632507
Panama,PAN,2013,0.1994326412677765
Panama,PAN,2014,0.2662784159183502
Panama,PAN,2015,0.1497693806886673
Panama,PAN,2016,0.2071392685174942
Panama,PAN,2017,0.20161056518554688
Panama,PAN,2018,0.1952570527791977
Panama,PAN,2019,0.4048067629337311
Panama,PAN,2020,0.5524364113807678
Papua New Guinea,PNG,2000,250.0601043701172
Papua New Guinea,PNG,2001,241.61407470703125
Papua New Guinea,PNG,2002,202.6431884765625
Papua New Guinea,PNG,2003,214.2252960205078
Papua New Guinea,PNG,2004,268.83074951171875
Papua New Guinea,PNG,2005,217.6317596435547
Papua New Guinea,PNG,2006,222.91339111328125
Papua New Guinea,PNG,2007,183.77915954589844
Papua New Guinea,PNG,2008,169.1918182373047
Papua New Guinea,PNG,2009,218.81854248046875
Papua New Guinea,PNG,2010,147.63453674316406
Papua New Guinea,PNG,2011,120.31991577148438
Papua New Guinea,PNG,2012,161.52084350585938
Papua New Guinea,PNG,2013,182.3509521484375
Papua New Guinea,PNG,2014,203.08584594726562
Papua New Guinea,PNG,2015,109.120849609375
Papua New Guinea,PNG,2016,146.15573120117188
Papua New Guinea,PNG,2017,145.79490661621094
Papua New Guinea,PNG,2018,151.25772094726562
Papua New Guinea,PNG,2019,128.17807006835938
Papua New Guinea,PNG,2020,164.3137969970703
Paraguay,PRY,2000,35.76069259643555
Paraguay,PRY,2001,13.867354393005371
Paraguay,PRY,2002,13.949284553527832
Paraguay,PRY,2003,6.864345550537109
Paraguay,PRY,2004,3.3640329837799072
Paraguay,PRY,2005,1.7933199405670166
Paraguay,PRY,2006,3.8661186695098877
Paraguay,PRY,2007,6.209971904754639
Paraguay,PRY,2008,1.5576039552688599
Paraguay,PRY,2009,0.36051949858665466
Paraguay,PRY,2010,0.08891734480857849
Paraguay,PRY,2011,0.0043855225667357445
Paraguay,PRY,2012,0
Paraguay,PRY,2013,0
Paraguay,PRY,2014,0
Paraguay,PRY,2015,0
Paraguay,PRY,2016,0
Paraguay,PRY,2017,0
Paraguay,PRY,2018,0
Paraguay,PRY,2019,0
Paraguay,PRY,2020,0
Peru,PER,2000,9.071142196655273
Peru,PER,2001,9.98196029663086
Peru,PER,2002,12.115548133850098
Peru,PER,2003,10.400800704956055
Peru,PER,2004,10.635049819946289
Peru,PER,2005,9.88002872467041
Peru,PER,2006,7.253000736236572
Peru,PER,2007,5.62837028503418
Peru,PER,2008,4.867831230163574
Peru,PER,2009,4.601362705230713
Peru,PER,2010,3.3196470737457275
Peru,PER,2011,2.6904821395874023
Peru,PER,2012,3.4892311096191406
Peru,PER,2013,5.3590593338012695
Peru,PER,2014,7.102209568023682
Peru,PER,2015,9.71850299835205
Peru,PER,2016,5.996455669403076
Peru,PER,2017,5.875031471252441
Peru,PER,2018,4.652540683746338
Peru,PER,2019,3.5813050270080566
Peru,PER,2020,2.2969071865081787
Philippines,PHL,2000,1.765706181526184
Philippines,PHL,2001,1.2134846448898315
Philippines,PHL,2002,1.4937973022460938
Philippines,PHL,2003,2.0835511684417725
Philippines,PHL,2004,1.8543627262115479
Philippines,PHL,2005,1.6588441133499146
Philippines,PHL,2006,2.017869234085083
Philippines,PHL,2007,2.1715734004974365
Philippines,PHL,2008,1.4135332107543945
Philippines,PHL,2009,1.096060037612915
Philippines,PHL,2010,0.980607271194458
Philippines,PHL,2011,0.4309444725513458
Philippines,PHL,2012,0.33957862854003906
Philippines,PHL,2013,0.3050924241542816
Philippines,PHL,2014,0.24528884887695312
Philippines,PHL,2015,0.4704962372779846
Philippines,PHL,2016,0.2875831127166748
Philippines,PHL,2017,0.27093175053596497
Philippines,PHL,2018,0.17598605155944824
Philippines,PHL,2019,0.21558381617069244
Philippines,PHL,2020,0.6760570406913757
Rwanda,RWA,2000,250.038818359375
Rwanda,RWA,2001,238.6040802001953
Rwanda,RWA,2002,190.4296112060547
Rwanda,RWA,2003,151.75454711914062
Rwanda,RWA,2004,129.91290283203125
Rwanda,RWA,2005,157.40750122070312
Rwanda,RWA,2006,154.46170043945312
Rwanda,RWA,2007,90.63843536376953
Rwanda,RWA,2008,71.77896118164062
Rwanda,RWA,2009,158.1004180908203
Rwanda,RWA,2010,107.55340576171875
Rwanda,RWA,2011,37.947959899902344
Rwanda,RWA,2012,61.27074432373047
Rwanda,RWA,2013,112.3450698852539
Rwanda,RWA,2014,207.4339599609375
Rwanda,RWA,2015,315.37884521484375
Rwanda,RWA,2016,418.8797302246094
Rwanda,RWA,2017,724.5673828125
Rwanda,RWA,2018,498.6729431152344
Rwanda,RWA,2019,363.580078125
Rwanda,RWA,2020,230.54345703125
Sao Tome and Principe,STP,2000,224.75819396972656
Sao Tome and Principe,STP,2001,290.7294921875
Sao Tome and Principe,STP,2002,343.0722351074219
Sao Tome and Principe,STP,2003,283.60760498046875
Sao Tome and Principe,STP,2004,302.37548828125
Sao Tome and Principe,STP,2005,115.18872833251953
Sao Tome and Principe,STP,2006,31.829090118408203
Sao Tome and Principe,STP,2007,14.558290481567383
Sao Tome and Principe,STP,2008,36.57040023803711
Sao Tome and Principe,STP,2009,35.149566650390625
Sao Tome and Principe,STP,2010,15.190827369689941
Sao Tome and Principe,STP,2011,45.75088882446289
Sao Tome and Principe,STP,2012,66.61570739746094
Sao Tome and Principe,STP,2013,48.121578216552734
Sao Tome and Principe,STP,2014,8.961462020874023
Sao Tome and Principe,STP,2015,10.308916091918945
Sao Tome and Principe,STP,2016,11.012640953063965
Sao Tome and Principe,STP,2017,10.811933517456055
Sao Tome and Principe,STP,2018,13.917320251464844
Sao Tome and Principe,STP,2019,12.704140663146973
Sao Tome and Principe,STP,2020,8.819999694824219
Saudi Arabia,SAU,2000,3.991832733154297
Saudi Arabia,SAU,2001,1.8097864389419556
Saudi Arabia,SAU,2002,1.495285153388977
Saudi Arabia,SAU,2003,0.9583096504211426
Saudi Arabia,SAU,2004,0.6648107171058655
Saudi Arabia,SAU,2005,0.5550567507743835
Saudi Arabia,SAU,2006,0.6511906385421753
Saudi Arabia,SAU,2007,0.23147034645080566
Saudi Arabia,SAU,2008,0.029412757605314255
Saudi Arabia,SAU,2009,0.027187248691916466
Saudi Arabia,SAU,2010,0.013201422058045864
Saudi Arabia,SAU,2011,0.030470088124275208
Saudi Arabia,SAU,2012,0.035108767449855804
Saudi Arabia,SAU,2013,0.01412270963191986
Saudi Arabia,SAU,2014,0.012112755328416824
Saudi Arabia,SAU,2015,0.03266555070877075
Saudi Arabia,SAU,2016,0.10465386509895325
Saudi Arabia,SAU,2017,0.06674875319004059
Saudi Arabia,SAU,2018,0.02259320393204689
Saudi Arabia,SAU,2019,0.013842080719769001
Saudi Arabia,SAU,2020,0.02976043149828911
Senegal,SEN,2000,306.2422180175781
Senegal,SEN,2001,273.6445007324219
Senegal,SEN,2002,223.62013244628906
Senegal,SEN,2003,202.76129150390625
Senegal,SEN,2004,138.99806213378906
Senegal,SEN,2005,125.26434326171875
Senegal,SEN,2006,121.2690200805664
Senegal,SEN,2007,99.26732635498047
Senegal,SEN,2008,52.376651763916016
Senegal,SEN,2009,32.89095687866211
Senegal,SEN,2010,60.474945068359375
Senegal,SEN,2011,48.8975830078125
Senegal,SEN,2012,53.26776123046875
Senegal,SEN,2013,61.78315734863281
Senegal,SEN,2014,38.56818389892578
Senegal,SEN,2015,69.34406280517578
Senegal,SEN,2016,45.62846374511719
Senegal,SEN,2017,52.252967834472656
Senegal,SEN,2018,66.08032989501953
Senegal,SEN,2019,41.249759674072266
Senegal,SEN,2020,49.929378509521484
Sierra Leone,SLE,2000,469.9969787597656
Sierra Leone,SLE,2001,473.0053405761719
Sierra Leone,SLE,2002,465.0253601074219
Sierra Leone,SLE,2003,444.05731201171875
Sierra Leone,SLE,2004,428.5881652832031
Sierra Leone,SLE,2005,408.4350891113281
Sierra Leone,SLE,2006,392.0902099609375
Sierra Leone,SLE,2007,397.6348571777344
Sierra Leone,SLE,2008,425.2909240722656
Sierra Leone,SLE,2009,447.06414794921875
Sierra Leone,SLE,2010,448.0709228515625
Sierra Leone,SLE,2011,441.33001708984375
Sierra Leone,SLE,2012,429.6283264160156
Sierra Leone,SLE,2013,414.096923828125
Sierra Leone,SLE,2014,400.7931823730469
Sierra Leone,SLE,2015,391.76739501953125
Sierra Leone,SLE,2016,386.2408752441406
Sierra Leone,SLE,2017,369.61181640625
Sierra Leone,SLE,2018,361.8768615722656
Sierra Leone,SLE,2019,347.4770202636719
Sierra Leone,SLE,2020,328.1901550292969
Solomon Islands,SLB,2000,623.15380859375
Solomon Islands,SLB,2001,681.25537109375
Solomon Islands,SLB,2002,649.7857666015625
Solomon Islands,SLB,2003,540.467041015625
Solomon Islands,SLB,2004,744.1641845703125
Solomon Islands,SLB,2005,614.7977905273438
Solomon Islands,SLB,2006,591.8597412109375
Solomon Islands,SLB,2007,319.14508056640625
Solomon Islands,SLB,2008,186.8613739013672
Solomon Islands,SLB,2009,147.64817810058594
Solomon Islands,SLB,2010,174.94862365722656
Solomon Islands,SLB,2011,116.90971374511719
Solomon Islands,SLB,2012,94.86017608642578
Solomon Islands,SLB,2013,94.92145538330078
Solomon Islands,SLB,2014,52.3908805847168
Solomon Islands,SLB,2015,66.67381286621094
Solomon Islands,SLB,2016,137.26858520507812
Solomon Islands,SLB,2017,164.51023864746094
Solomon Islands,SLB,2018,134.11167907714844
Solomon Islands,SLB,2019,212.79794311523438
Solomon Islands,SLB,2020,167.6727752685547
Somalia,SOM,2000,125.58393096923828
Somalia,SOM,2001,125.96053314208984
Somalia,SOM,2002,126.18816375732422
Somalia,SOM,2003,120.99838256835938
Somalia,SOM,2004,119.99140167236328
Somalia,SOM,2005,136.56423950195312
Somalia,SOM,2006,120.06768035888672
Somalia,SOM,2007,100.56315612792969
Somalia,SOM,2008,63.099334716796875
Somalia,SOM,2009,38.43658447265625
Somalia,SOM,2010,43.7015380859375
Somalia,SOM,2011,35.61273956298828
Somalia,SOM,2012,35.71598815917969
Somalia,SOM,2013,41.76121520996094
Somalia,SOM,2014,47.702030181884766
Somalia,SOM,2015,55.74832534790039
Somalia,SOM,2016,56.0155029296875
Somalia,SOM,2017,55.728519439697266
Somalia,SOM,2018,51.46187973022461
Somalia,SOM,2019,49.1394157409668
Somalia,SOM,2020,52.201499938964844
South Africa,ZAF,2000,4.017104625701904
South Africa,ZAF,2001,5.8163838386535645
South Africa,ZAF,2002,3.3908324241638184
South Africa,ZAF,2003,2.880829095840454
South Africa,ZAF,2004,2.8332722187042236
South Africa,ZAF,2005,1.6196541786193848
South Africa,ZAF,2006,2.4949750900268555
South Africa,ZAF,2007,1.2880762815475464
South Africa,ZAF,2008,1.5661077499389648
South Africa,ZAF,2009,1.2029238939285278
South Africa,ZAF,2010,1.5736974477767944
South Africa,ZAF,2011,1.897170901298523
South Africa,ZAF,2012,1.2532020807266235
South Africa,ZAF,2013,1.6102558374404907
South Africa,ZAF,2014,2.1459667682647705
South Africa,ZAF,2015,0.8953466415405273
South Africa,ZAF,2016,0.7691125273704529
South Africa,ZAF,2017,3.9496753215789795
South Africa,ZAF,2018,1.6507329940795898
South Africa,ZAF,2019,0.5287042260169983
South Africa,ZAF,2020,0.7525035738945007
South Asia,,2000,19.04808807373047
South Asia,,2001,19.03133201599121
South Asia,,2002,17.749818801879883
South Asia,,2003,18.30743408203125
South Asia,,2004,19.109600067138672
South Asia,,2005,20.194515228271484
South Asia,,2006,16.346694946289062
South Asia,,2007,15.648157119750977
South Asia,,2008,15.974905014038086
South Asia,,2009,16.19622802734375
South Asia,,2010,15.971657752990723
South Asia,,2011,14.018237113952637
South Asia,,2012,11.196219444274902
South Asia,,2013,8.840049743652344
South Asia,,2014,8.838482856750488
South Asia,,2015,8.981343269348145
South Asia,,2016,9.496512413024902
South Asia,,2017,7.26249361038208
South Asia,,2018,5.301240921020508
South Asia,,2019,4.272677421569824
South Asia,,2020,3.1576623916625977
South Korea,KOR,2000,1.2612519264221191
South Korea,KOR,2001,0.7653989195823669
South Korea,KOR,2002,0.5354217886924744
South Korea,KOR,2003,0.3466278314590454
South Korea,KOR,2004,0.25452637672424316
South Korea,KOR,2005,0.40157532691955566
South Korea,KOR,2006,0.5994217395782471
South Korea,KOR,2007,0.6488101482391357
South Korea,KOR,2008,0.3087628185749054
South Korea,KOR,2009,0.259964257478714
South Korea,KOR,2010,0.3653198182582855
South Korea,KOR,2011,0.14490549266338348
South Korea,KOR,2012,0.11243509501218796
South Korea,KOR,2013,0.10867714881896973
South Korea,KOR,2014,0.15723124146461487
South Korea,KOR,2015,0.17624162137508392
South Korea,KOR,2016,0.16868221759796143
South Korea,KOR,2017,0.12189844250679016
South Korea,KOR,2018,0.13986529409885406
South Korea,KOR,2019,0.1352567821741104
South Korea,KOR,2020,0.09919634461402893
South Sudan,SSD,2000,367.164306640625
South Sudan,SSD,2001,357.181396484375
South Sudan,SSD,2002,336.6075439453125
South Sudan,SSD,2003,318.788330078125
South Sudan,SSD,2004,306.66302490234375
South Sudan,SSD,2005,305.7484130859375
South Sudan,SSD,2006,305.2316589355469
South Sudan,SSD,2007,299.469970703125
South Sudan,SSD,2008,293.1525573730469
South Sudan,SSD,2009,286.080322265625
South Sudan,SSD,2010,285.6964416503906
South Sudan,SSD,2011,290.85797119140625
South Sudan,SSD,2012,287.80029296875
South Sudan,SSD,2013,285.73834228515625
South Sudan,SSD,2014,276.305419921875
South Sudan,SSD,2015,271.0006408691406
South Sudan,SSD,2016,266.5478515625
South Sudan,SSD,2017,277.78369140625
South Sudan,SSD,2018,278.7906494140625
South Sudan,SSD,2019,281.2589111328125
South Sudan,SSD,2020,286.8866271972656
Sri Lanka,LKA,2000,48.633094787597656
Sri Lanka,LKA,2001,15.293478965759277
Sri Lanka,LKA,2002,9.445144653320312
Sri Lanka,LKA,2003,2.3770062923431396
Sri Lanka,LKA,2004,0.8342593312263489
Sri Lanka,LKA,2005,0.3648216724395752
Sri Lanka,LKA,2006,0.1304614394903183
Sri Lanka,LKA,2007,0.04338613525032997
Sri Lanka,LKA,2008,0.14120003581047058
Sri Lanka,LKA,2009,0.11472631990909576
Sri Lanka,LKA,2010,0.14677484333515167
Sri Lanka,LKA,2011,0.026429912075400352
Sri Lanka,LKA,2012,0.004870304837822914
Sri Lanka,LKA,2013,0
Sri Lanka,LKA,2014,0
Sri Lanka,LKA,2015,0
Sri Lanka,LKA,2016,0
Sri Lanka,LKA,2017,0
Sri Lanka,LKA,2018,0
Sri Lanka,LKA,2019,0
Sri Lanka,LKA,2020,0
Sub-Saharan Africa,,2000,352.97509765625
Sub-Saharan Africa,,2001,352.5089111328125
Sub-Saharan Africa,,2002,337.1261291503906
Sub-Saharan Africa,,2003,331.0364990234375
Sub-Saharan Africa,,2004,323.5068664550781
Sub-Saharan Africa,,2005,310.8440246582031
Sub-Saharan Africa,,2006,301.6280822753906
Sub-Saharan Africa,,2007,292.2112731933594
Sub-Saharan Africa,,2008,282.8658142089844
Sub-Saharan Africa,,2009,279.0510559082031
Sub-Saharan Africa,,2010,271.5095520019531
Sub-Saharan Africa,,2011,260.60821533203125
Sub-Saharan Africa,,2012,252.7525177001953
Sub-Saharan Africa,,2013,244.5236053466797
Sub-Saharan Africa,,2014,234.26095581054688
Sub-Saharan Africa,,2015,228.28384399414062
Sub-Saharan Africa,,2016,223.5553741455078
Sub-Saharan Africa,,2017,226.18807983398438
Sub-Saharan Africa,,2018,218.41993713378906
Sub-Saharan Africa,,2019,214.1300811767578
Sub-Saharan Africa,,2020,223.8786163330078
Sudan,SDN,2000,92.77144622802734
Sudan,SDN,2001,86.35269927978516
Sudan,SDN,2002,66.65404510498047
Sudan,SDN,2003,61.08877944946289
Sudan,SDN,2004,55.37405014038086
Sudan,SDN,2005,54.65161895751953
Sudan,SDN,2006,52.67852020263672
Sudan,SDN,2007,46.51382064819336
Sudan,SDN,2008,38.635311126708984
Sudan,SDN,2009,34.629756927490234
Sudan,SDN,2010,32.72938537597656
Sudan,SDN,2011,32.5628776550293
Sudan,SDN,2012,33.06528854370117
Sudan,SDN,2013,34.939292907714844
Sudan,SDN,2014,38.572757720947266
Sudan,SDN,2015,42.21242904663086
Sudan,SDN,2016,53.25981903076172
Sudan,SDN,2017,53.77650451660156
Sudan,SDN,2018,59.189029693603516
Sudan,SDN,2019,65.59085845947266
Sudan,SDN,2020,73.39837646484375
Suriname,SUR,2000,163.33131408691406
Suriname,SUR,2001,227.35086059570312
Suriname,SUR,2002,180.23165893554688
Suriname,SUR,2003,152.3838653564453
Suriname,SUR,2004,114.89933776855469
Suriname,SUR,2005,123.77660369873047
Suriname,SUR,2006,44.070159912109375
Suriname,SUR,2007,14.622323036193848
Suriname,SUR,2008,27.3115291595459
Suriname,SUR,2009,32.34407043457031
Suriname,SUR,2010,22.661258697509766
Suriname,SUR,2011,10.057561874389648
Suriname,SUR,2012,7.1176605224609375
Suriname,SUR,2013,9.018370628356934
Suriname,SUR,2014,4.907059669494629
Suriname,SUR,2015,0.9808195233345032
Suriname,SUR,2016,0.9109105467796326
Suriname,SUR,2017,0.22548717260360718
Suriname,SUR,2018,0.34088370203971863
Suriname,SUR,2019,1.106362223625183
Suriname,SUR,2020,1.696578025817871
Syria,SYR,2000,0.00036561183515004814
Syria,SYR,2001,0.00375748029910028
Syria,SYR,2002,0.0008779822383075953
Syria,SYR,2003,0.00011484211427159607
Syria,SYR,2004,0.0000560920852876734
Syria,SYR,2005,0
Syria,SYR,2006,0
Syria,SYR,2007,0
Syria,SYR,2008,0
Syria,SYR,2009,0
Syria,SYR,2010,0
Syria,SYR,2011,0
Syria,SYR,2012,0
Syria,SYR,2013,0
Syria,SYR,2014,0
Syria,SYR,2015,0
Syria,SYR,2016,0
Syria,SYR,2017,0
Syria,SYR,2018,0
Syria,SYR,2019,0
Syria,SYR,2020,0
Tajikistan,TJK,2000,9.181925773620605
Tajikistan,TJK,2001,5.395705699920654
Tajikistan,TJK,2002,2.8696930408477783
Tajikistan,TJK,2003,2.4843504428863525
Tajikistan,TJK,2004,1.6124117374420166
Tajikistan,TJK,2005,1.0182428359985352
Tajikistan,TJK,2006,0.5812784433364868
Tajikistan,TJK,2007,0.26918983459472656
Tajikistan,TJK,2008,0.13205355405807495
Tajikistan,TJK,2009,0.06667135655879974
Tajikistan,TJK,2010,0.04454785957932472
Tajikistan,TJK,2011,0.030338779091835022
Tajikistan,TJK,2012,0.01064559817314148
Tajikistan,TJK,2013,0.001485902350395918
Tajikistan,TJK,2014,0.0007255725213326514
Tajikistan,TJK,2015,0
Tajikistan,TJK,2016,0
Tajikistan,TJK,2017,0
Tajikistan,TJK,2018,0
Tajikistan,TJK,2019,0
Tanzania,TZA,2000,339.9335021972656
Tanzania,TZA,2001,328.4190979003906
Tanzania,TZA,2002,302.44598388671875
Tanzania,TZA,2003,283.7146911621094
Tanzania,TZA,2004,267.0958251953125
Tanzania,TZA,2005,248.37838745117188
Tanzania,TZA,2006,226.7129364013672
Tanzania,TZA,2007,198.62619018554688
Tanzania,TZA,2008,171.0659942626953
Tanzania,TZA,2009,151.10389709472656
Tanzania,TZA,2010,137.37315368652344
Tanzania,TZA,2011,127.43378448486328
Tanzania,TZA,2012,124.63892364501953
Tanzania,TZA,2013,134.51852416992188
Tanzania,TZA,2014,144.90892028808594
Tanzania,TZA,2015,140.30430603027344
Tanzania,TZA,2016,131.28260803222656
Tanzania,TZA,2017,123.57073974609375
Tanzania,TZA,2018,114.92499542236328
Tanzania,TZA,2019,111.84002685546875
Tanzania,TZA,2020,120.17332458496094
Thailand,THA,2000,6.5764031410217285
Thailand,THA,2001,5.268886566162109
Thailand,THA,2002,3.664740800857544
Thailand,THA,2003,3.0496411323547363
Thailand,THA,2004,2.1640231609344482
Thailand,THA,2005,2.399186134338379
Thailand,THA,2006,2.425734758377075
Thailand,THA,2007,2.6418323516845703
Thailand,THA,2008,2.2629058361053467
Thailand,THA,2009,2.3219175338745117
Thailand,THA,2010,2.5472655296325684
Thailand,THA,2011,1.9432127475738525
Thailand,THA,2012,3.6430227756500244
Thailand,THA,2013,3.2172040939331055
Thailand,THA,2014,3.173804998397827
Thailand,THA,2015,0.6152186393737793
Thailand,THA,2016,0.5675429701805115
Thailand,THA,2017,0.43355593085289
Thailand,THA,2018,0.3094557523727417
Thailand,THA,2019,0.2420499324798584
Thailand,THA,2020,0.2270248830318451
Timor,TLS,2000,151.88143920898438
Timor,TLS,2001,151.8817901611328
Timor,TLS,2002,120.25370025634766
Timor,TLS,2003,75.80450439453125
Timor,TLS,2004,256.047119140625
Timor,TLS,2005,164.2731475830078
Timor,TLS,2006,171.85198974609375
Timor,TLS,2007,117.66619110107422
Timor,TLS,2008,135.16078186035156
Timor,TLS,2009,102.18572235107422
Timor,TLS,2010,99.74107360839844
Timor,TLS,2011,31.296236038208008
Timor,TLS,2012,7.263520240783691
Timor,TLS,2013,1.5599099397659302
Timor,TLS,2014,0.5142733454704285
Timor,TLS,2015,0.09776691347360611
Timor,TLS,2016,0.0976671501994133
Timor,TLS,2017,0.018814723938703537
Timor,TLS,2018,0
Timor,TLS,2019,0
Timor,TLS,2020,0.003225788241252303
Togo,TGO,2000,445.7839050292969
Togo,TGO,2001,441.940673828125
Togo,TGO,2002,444.3766174316406
Togo,TGO,2003,453.68304443359375
Togo,TGO,2004,465.7990417480469
Togo,TGO,2005,461.2870178222656
Togo,TGO,2006,445.59814453125
Togo,TGO,2007,422.6729431152344
Togo,TGO,2008,378.96612548828125
Togo,TGO,2009,335.3555603027344
Togo,TGO,2010,318.5719299316406
Togo,TGO,2011,316.851318359375
Togo,TGO,2012,341.31396484375
Togo,TGO,2013,367.162109375
Togo,TGO,2014,364.96710205078125
Togo,TGO,2015,352.4715270996094
Togo,TGO,2016,320.3282775878906
Togo,TGO,2017,273.561279296875
Togo,TGO,2018,244.91883850097656
Togo,TGO,2019,229.14312744140625
Togo,TGO,2020,228.85809326171875
Turkey,TUR,2000,2.7810943126678467
Turkey,TUR,2001,2.5912554264068604
Turkey,TUR,2002,2.414482355117798
Turkey,TUR,2003,2.146742582321167
Turkey,TUR,2004,1.2172527313232422
Turkey,TUR,2005,0.47216352820396423
Turkey,TUR,2006,0.17810826003551483
Turkey,TUR,2007,0.06920461356639862
Turkey,TUR,2008,0.03626663237810135
Turkey,TUR,2009,0.00819691363722086
Turkey,TUR,2010,0
Turkey,TUR,2011,0
Turkey,TUR,2012,0
Turkey,TUR,2013,0
Turkey,TUR,2014,0
Turkey,TUR,2015,0
Turkey,TUR,2016,0
Turkey,TUR,2017,0
Turkey,TUR,2019,0
Turkmenistan,TKM,2000,0.08175835013389587
Turkmenistan,TKM,2001,0.02696644328534603
Turkmenistan,TKM,2002,0.06006988137960434
Turkmenistan,TKM,2003,0.02313109114766121
Turkmenistan,TKM,2004,0.009812900796532631
Turkmenistan,TKM,2005,0.003235701471567154
Turkmenistan,TKM,2006,0.003198393154889345
Turkmenistan,TKM,2007,0
Turkmenistan,TKM,2008,0
Turkmenistan,TKM,2009,0
Turkmenistan,TKM,2010,0
Turkmenistan,TKM,2011,0
Turkmenistan,TKM,2012,0
Turkmenistan,TKM,2013,0
Turkmenistan,TKM,2014,0
Turkmenistan,TKM,2015,0
Turkmenistan,TKM,2016,0
Turkmenistan,TKM,2017,0
Turkmenistan,TKM,2018,0
Turkmenistan,TKM,2019,0
Uganda,UGA,2000,487.22552490234375
Uganda,UGA,2001,507.9743957519531
Uganda,UGA,2002,500.1525573730469
Uganda,UGA,2003,484.12469482421875
Uganda,UGA,2004,449.8246765136719
Uganda,UGA,2005,433.6452941894531
Uganda,UGA,2006,421.3103942871094
Uganda,UGA,2007,415.4135437011719
Uganda,UGA,2008,417.960693359375
Uganda,UGA,2009,423.05133056640625
Uganda,UGA,2010,409.4366455078125
Uganda,UGA,2011,394.6797180175781
Uganda,UGA,2012,376.55596923828125
Uganda,UGA,2013,332.34442138671875
Uganda,UGA,2014,294.2823791503906
Uganda,UGA,2015,253.51478576660156
Uganda,UGA,2016,283.13714599609375
Uganda,UGA,2017,294.90325927734375
Uganda,UGA,2018,262.69158935546875
Uganda,UGA,2019,262.6915588378906
Uganda,UGA,2020,283.8175354003906
United Arab Emirates,ARE,2012,0
United Arab Emirates,ARE,2013,0
United Arab Emirates,ARE,2014,0
United Arab Emirates,ARE,2015,0
United Arab Emirates,ARE,2016,0
United Arab Emirates,ARE,2017,0
United Arab Emirates,ARE,2018,0
United Arab Emirates,ARE,2019,0
United Arab Emirates,ARE,2020,0
Upper middle income,,2000,3.3184471130371094
Upper middle income,,2001,3.050361156463623
Upper middle income,,2002,2.730281114578247
Upper middle income,,2003,2.58687686920166
Upper middle income,,2004,2.480473279953003
Upper middle income,,2005,2.5243399143218994
Upper middle income,,2006,2.2979109287261963
Upper middle income,,2007,2.0400824546813965
Upper middle income,,2008,1.5943574905395508
Upper middle income,,2009,1.6071500778198242
Upper middle income,,2010,1.7767096757888794
Upper middle income,,2011,1.598031759262085
Upper middle income,,2012,1.701240062713623
Upper middle income,,2013,1.7498730421066284
Upper middle income,,2014,1.7360953092575073
Upper middle income,,2015,1.7638493776321411
Upper middle income,,2016,1.6709461212158203
Upper middle income,,2017,1.8044979572296143
Upper middle income,,2018,1.6881667375564575
Upper middle income,,2019,1.5457162857055664
Upper middle income,,2020,1.6026183366775513
Uzbekistan,UZB,2000,5.087003707885742
Uzbekistan,UZB,2001,3.066751718521118
Uzbekistan,UZB,2002,2.909834384918213
Uzbekistan,UZB,2003,2.8738980293273926
Uzbekistan,UZB,2004,2.53096604347229
Uzbekistan,UZB,2005,3.8596889972686768
Uzbekistan,UZB,2006,2.7234740257263184
Uzbekistan,UZB,2007,1.1027790307998657
Uzbekistan,UZB,2008,0.2533845007419586
Uzbekistan,UZB,2009,0
Uzbekistan,UZB,2010,0.10520778596401215
Uzbekistan,UZB,2011,0
Uzbekistan,UZB,2012,0
Uzbekistan,UZB,2013,0
Uzbekistan,UZB,2014,0
Uzbekistan,UZB,2015,0
Uzbekistan,UZB,2016,0
Uzbekistan,UZB,2017,0
Uzbekistan,UZB,2018,0
Uzbekistan,UZB,2019,0
Vanuatu,VUT,2000,125.25140380859375
Vanuatu,VUT,2001,98.84307861328125
Vanuatu,VUT,2002,189.01441955566406
Vanuatu,VUT,2003,214.5506591796875
Vanuatu,VUT,2004,200.38897705078125
Vanuatu,VUT,2005,122.43766784667969
Vanuatu,VUT,2006,107.02074432373047
Vanuatu,VUT,2007,124.44865417480469
Vanuatu,VUT,2008,119.14107513427734
Vanuatu,VUT,2009,64.6574935913086
Vanuatu,VUT,2010,88.78314971923828
Vanuatu,VUT,2011,47.93165588378906
Vanuatu,VUT,2012,33.64261245727539
Vanuatu,VUT,2013,20.753047943115234
Vanuatu,VUT,2014,9.197083473205566
Vanuatu,VUT,2015,2.910064697265625
Vanuatu,VUT,2016,15.007580757141113
Vanuatu,VUT,2017,7.936980724334717
Vanuatu,VUT,2018,3.9873580932617188
Vanuatu,VUT,2019,3.491373300552368
Vanuatu,VUT,2020,2.962721824645996
Venezuela,VEN,2000,2.9362056255340576
Venezuela,VEN,2001,1.934070110321045
Venezuela,VEN,2002,2.7911102771759033
Venezuela,VEN,2003,2.936016798019409
Venezuela,VEN,2004,4.230092525482178
Venezuela,VEN,2005,4.008634090423584
Venezuela,VEN,2006,3.2504796981811523
Venezuela,VEN,2007,3.5844624042510986
Venezuela,VEN,2008,2.7125658988952637
Venezuela,VEN,2009,2.9914727210998535
Venezuela,VEN,2010,4.072089672088623
Venezuela,VEN,2011,3.7084767818450928
Venezuela,VEN,2012,4.213096618652344
Venezuela,VEN,2013,6.189104080200195
Venezuela,VEN,2014,7.0618181228637695
Venezuela,VEN,2015,10.615113258361816
Venezuela,VEN,2016,18.886781692504883
Venezuela,VEN,2017,32.82831954956055
Venezuela,VEN,2018,32.901309967041016
Venezuela,VEN,2019,32.783267974853516
Venezuela,VEN,2020,16.299301147460938
Vietnam,VNM,2000,3.4199929237365723
Vietnam,VNM,2001,3.11134934425354
Vietnam,VNM,2002,2.187570571899414
Vietnam,VNM,2003,1.5924713611602783
Vietnam,VNM,2004,0.9239193797111511
Vietnam,VNM,2005,0.6571954488754272
Vietnam,VNM,2006,0.6994621157646179
Vietnam,VNM,2007,0.4451236426830292
Vietnam,VNM,2008,0.2817946970462799
Vietnam,VNM,2009,0.3560431897640228
Vietnam,VNM,2010,0.35413509607315063
Vietnam,VNM,2011,0.30850160121917725
Vietnam,VNM,2012,0.3601829707622528
Vietnam,VNM,2013,0.3103896975517273
Vietnam,VNM,2014,0.2819856107234955
Vietnam,VNM,2015,0.1651928424835205
Vietnam,VNM,2016,0.07279897481203079
Vietnam,VNM,2017,0.07867223769426346
Vietnam,VNM,2018,0.05363812670111656
Vietnam,VNM,2019,0.05263637751340866
Vietnam,VNM,2020,0.023098109290003777
World,OWID_WRL,2000,81.59620666503906
World,OWID_WRL,2001,82.01685333251953
World,OWID_WRL,2002,78.93389129638672
World,OWID_WRL,2003,78.55564880371094
World,OWID_WRL,2004,78.0439224243164
World,OWID_WRL,2005,76.43416595458984
World,OWID_WRL,2006,73.7030029296875
World,OWID_WRL,2007,71.72126007080078
World,OWID_WRL,2008,70.37715148925781
World,OWID_WRL,2009,70.56514739990234
World,OWID_WRL,2010,69.48534393310547
World,OWID_WRL,2011,66.5079345703125
World,OWID_WRL,2012,64.27409362792969
World,OWID_WRL,2013,61.76140213012695
World,OWID_WRL,2014,59.83102035522461
World,OWID_WRL,2015,58.87312316894531
World,OWID_WRL,2016,58.70454025268555
World,OWID_WRL,2017,59.151702880859375
World,OWID_WRL,2018,57.2291259765625
World,OWID_WRL,2019,56.27382278442383
World,OWID_WRL,2020,59.523372650146484
Yemen,YEM,2000,93.98674774169922
Yemen,YEM,2001,101.93008422851562
Yemen,YEM,2002,109.94666290283203
Yemen,YEM,2003,97.0978012084961
Yemen,YEM,2004,75.89993286132812
Yemen,YEM,2005,77.35435485839844
Yemen,YEM,2006,90.10859680175781
Yemen,YEM,2007,62.124385833740234
Yemen,YEM,2008,38.252323150634766
Yemen,YEM,2009,48.35523986816406
Yemen,YEM,2010,75.82273864746094
Yemen,YEM,2011,51.648921966552734
Yemen,YEM,2012,54.56604766845703
Yemen,YEM,2013,43.20228576660156
Yemen,YEM,2014,35.275081634521484
Yemen,YEM,2015,30.076366424560547
Yemen,YEM,2016,37.75155258178711
Yemen,YEM,2017,41.63530731201172
Yemen,YEM,2018,47.40647888183594
Yemen,YEM,2019,44.78733825683594
Yemen,YEM,2020,40.56840515136719
Zambia,ZMB,2000,397.1114807128906
Zambia,ZMB,2001,404.15399169921875
Zambia,ZMB,2002,371.4538879394531
Zambia,ZMB,2003,348.5236511230469
Zambia,ZMB,2004,301.79345703125
Zambia,ZMB,2005,258.4483642578125
Zambia,ZMB,2006,222.4931182861328
Zambia,ZMB,2007,193.43678283691406
Zambia,ZMB,2008,172.55987548828125
Zambia,ZMB,2009,165.2190399169922
Zambia,ZMB,2010,168.47547912597656
Zambia,ZMB,2011,180.51194763183594
Zambia,ZMB,2012,200.3485870361328
Zambia,ZMB,2013,227.61346435546875
Zambia,ZMB,2014,232.31857299804688
Zambia,ZMB,2015,219.32273864746094
Zambia,ZMB,2016,205.96873474121094
Zambia,ZMB,2017,185.24722290039062
Zambia,ZMB,2018,178.8396759033203
Zambia,ZMB,2019,174.39869689941406
Zambia,ZMB,2020,186.89862060546875
Zimbabwe,ZWE,2000,113.03278350830078
Zimbabwe,ZWE,2001,113.03278350830078
Zimbabwe,ZWE,2002,113.03282165527344
Zimbabwe,ZWE,2003,113.03287506103516
Zimbabwe,ZWE,2004,113.03279113769531
Zimbabwe,ZWE,2005,113.03286743164062
Zimbabwe,ZWE,2006,113.03282165527344
Zimbabwe,ZWE,2007,175.12046813964844
Zimbabwe,ZWE,2008,74.7257308959961
Zimbabwe,ZWE,2009,90.14505004882812
Zimbabwe,ZWE,2010,109.79370880126953
Zimbabwe,ZWE,2011,70.67823028564453
Zimbabwe,ZWE,2012,57.21867752075195
Zimbabwe,ZWE,2013,81.95160675048828
Zimbabwe,ZWE,2014,101.89350891113281
Zimbabwe,ZWE,2015,97.61002349853516
Zimbabwe,ZWE,2016,68.3758316040039
Zimbabwe,ZWE,2017,118.82439422607422
Zimbabwe,ZWE,2018,55.82632827758789
Zimbabwe,ZWE,2019,67.87406158447266
Zimbabwe,ZWE,2020,98.50933074951172